,user_id,selfie_link_id_1,selfie_link_id_2,selfie_link_id_3,missing_count
0,10004,10004_00000385-0016-4568-8124-F8F005C202E4,10004_00000633-0016-8931-2007-F8F005C202E4,,1
2,10014,10014_00000825-0016-1972-0089-F8F005C1C48C,10014_00001950-0016-8866-2931-F8F005C1C48C,,1
7,10031,10031_2020-06-04 16:00:00,10031_00000093-0016-1618-0288-F8F005C20C6C,,1
35,10117,10117_00000397-0016-3728-1971-F8F005C20830,10117_00000768-0016-8454-3402-F8F005C20830,,1
48,10152,10152_2020-05-14 13:00:00,10152_2020-06-16 22:00:00,,1
49,10156,10156_2020-05-08 08:00:00,10156_2020-06-16 09:00:00,,1
80,10196,10196_2020-06-07 13:00:00,10196_2020-06-16 22:00:00,,1
144,10298,10298_2020-05-29 14:00:00,10298_2020-06-09 16:00:00,,1
157,10322,10322_2020-06-06 01:00:00,10322_2020-06-16 22:00:00,,1
168,10342,10342_2020-05-17 13:00:00,10342_2020-06-02 15:00:00,,1
181,10361,10361_2020-05-09 00:00:00,10361_2020-06-14 04:00:00,,1
183,10363,10363_2020-05-07 14:00:00,10363_2020-06-16 14:00:00,,1
225,10460,10460_2020-05-17 08:00:00,10460_2020-06-16 00:00:00,,1
233,10472,10472_2020-05-13 13:00:00,10472_2020-06-14 13:00:00,,1
241,10485,10485_2020-06-08 17:00:00,10485_2020-06-15 01:00:00,,1
256,10521,10521_2020-05-23 13:00:00,10521_2020-06-16 20:00:00,,1
260,10534,10534_2020-05-25 02:00:00,10534_2020-06-16 11:00:00,,1
272,10554,10554_2020-06-04 21:00:00,10554_2020-06-16 09:00:00,,1
294,10625,10625_2020-06-16 03:00:00,10625_2020-06-17 04:00:00,,1
316,10662,10662_2020-05-27 16:00:00,10662_2020-06-01 15:00:00,,1
321,1067,1067_00001120-0016-1259-9036-F8F00528B38D,1067_00001862-0016-6859-5632-F8F00528B38D,,1
333,10689,10689_2020-06-01 13:00:00,10689_2020-06-15 22:00:00,,1
355,10736,10736_2020-06-10 15:00:00,10736_2020-06-13 16:00:00,,1
356,10737,10737_2020-05-17 03:00:00,10737_2020-06-16 04:00:00,,1
427,10854,10854_2020-06-11 04:00:00,10854_2020-06-15 06:00:00,,1
441,10875,10875_2020-06-05 13:00:00,10875_2020-06-14 14:00:00,,1
454,10909,10909_2020-05-31 07:00:00,10909_2020-06-15 09:00:00,,1
489,10979,10979_2020-06-12 10:00:00,10979_2020-06-16 00:00:00,,1
510,11025,11025_2020-06-14 19:00:00,11025_2020-06-16 10:00:00,,1
513,11031,11031_2020-06-13 23:00:00,11031_2020-06-16 03:00:00,,1
518,11040,11040_2020-06-13 00:00:00,11040_2020-06-16 22:00:00,,1
546,11092,11092_2020-06-11 14:00:00,11092_2020-06-17 01:00:00,,1
567,11222,11222_00000189-0016-0492-8818-F8F005C206A8,11222_00000203-0016-0608-8277-F8F005C206A8,,1
569,11226,11226_00000426-0016-1323-5617-F8F005C2054D,11226_00000776-0016-8930-8052-F8F005C2054D,,1
574,11234,11234_00001041-0016-3878-9040-F8F005C205C1,11234_00001476-0016-8896-5362-F8F005C205C1,,1
578,11240,11240_00000424-0016-1180-8858-F8F005C2072F,11240_00000438-0016-1876-2356-F8F005C2072F,,1
581,11245,11245_00000305-0016-0539-3630-F8F005C1F792,11245_00000327-0016-1147-7592-F8F005C1F792,,1
588,11254,11254_00000417-0016-6177-8372-F8F005C209A8,11254_00000001-0016-6186-6665-F8F005C21C10,,1
596,11269,11269_00000111-0016-0500-9748-F8F005C1F870,11269_00000221-0016-0986-1753-F8F005C1F870,,1
616,11303,11303_00000488-0016-0872-9600-F8F005C1FA1F,11303_00000543-0016-1149-6072-F8F005C1FA1F,,1
623,11319,11319_00000438-0016-1481-4746-F8F005C1F8AF,11319_00000476-0016-2181-2375-F8F005C1F8AF,,1
642,11353,11353_00000074-0016-6109-0955-F8F005C20548,11353_00000117-0016-8787-4351-F8F005C20548,,1
643,11354,11354_00000348-0016-1227-5210-F8F005C1FA69,11354_00000356-0016-6227-6106-F8F005C1FA69,,1
671,11410,11410_00000246-0016-0995-6868-F8F005C207C5,11410_00000215-0016-7236-9710-F8F005C206F7,,1
681,11441,11441_00000171-0016-3085-4130-F8F005C208A8,11441_00000334-0016-8079-3949-F8F005C208A8,,1
733,11558,11558_00000543-0016-0814-7601-F8F005C1F9B1,11558_00000596-0016-0898-7212-F8F005C1F9B1,,1
737,11570,11570_00000172-0016-0594-4612-F8F005C1F971,11570_00001191-0016-8066-9481-F8F005C2059C,,1
739,11572,11572_00000517-0016-1309-6690-F8F005C206D3,11572_00000553-0016-1468-6534-F8F005C206D3,,1
741,11580,11580_00000580-0016-1590-9532-F8F005C20577,11580_00000583-0016-1601-9578-F8F005C20577,,1
746,11590,11590_00000356-0016-0386-7370-F8F005C20787,11590_00000403-0016-0827-3894-F8F005C20787,,1
754,11601,11601_00000274-0016-0754-8612-F8F005C1F83A,11601_00000474-0016-2199-5785-F8F005C1F83A,,1
770,11638,11638_00000499-0016-4319-6664-F8F005C206C6,11638_00000659-0016-8920-1578-F8F005C206C6,,1
827,11772,11772_00000294-0016-1887-8000-F8F005C20790,11772_00000398-0016-7948-4375-F8F005C20790,,1
837,11803,11803_00000326-0016-1383-1974-F8F005C1FB1B,11803_00000866-0016-4105-5327-F8F005C1FB1B,,1
838,11804,11804_00000408-0016-1330-3651-F8F005C1B7A6,11804_00000656-0016-4242-0634-F8F005C1B7A6,,1
842,11819,11819_00000361-0016-1572-4154-F8F005C1F6BC,11819_00000378-0016-5763-9783-F8F005C1F6BC,,1
850,11846,11846_00001123-0016-7325-8741-F8F005C20970,11846_00001323-0016-8942-9242-F8F005C20970,,1
853,11854,11854_00000355-0016-0646-9026-F8F005C2078A,11854_00000445-0016-2925-2999-F8F005C2078A,,1
860,11887,11887_00000194-0016-0572-8090-F8F005C20607,11887_00000200-0016-0624-8681-F8F005C20607,,1
878,11920,11920_00000508-0016-5279-1034-F8F00528B0C9,11920_00000564-0016-7499-8117-F8F00528B0C9,,1
897,11954,11954_00000359-0016-0710-8284-F8F005C1F868,11954_00000446-0016-1175-3538-F8F005C1F868,,1
899,11956,11956_00000169-0016-0506-6432-F8F005C1FCB4,11956_00000269-0016-1158-7074-F8F005C1FCB4,,1
940,12030,12030_00001191-0016-3829-5877-F8F005C20D47,12030_00001975-0016-8896-8343-F8F005C20D47,,1
974,12074,12074_00000292-0016-0600-6963-F8F005C1B6EE,12074_00000311-0016-0959-2220-F8F005C1B6EE,,1
989,12417,12417_00000030-0016-0873-4162-F8F005C213C5,12417_00000040-0016-0928-6802-F8F005C213C5,,1
1049,12493,12493_00000244-0016-1012-0331-F8F005C206F9,12493_00000289-0016-1779-9051-F8F005C206F9,,1
1065,12509,12509_00000198-0016-1446-4699-F8F005C1D3AC,12509_00000366-0016-2937-1456-F8F005C1D3AC,,1
1095,12544,12544_00000019-0016-0818-7756-F8F005C1CC95,12544_00000078-0016-2158-1288-F8F005C1CC95,,1
1099,12549,12549_00000018-0016-0784-4164-F8F005C20E90,12549_00000117-0016-1355-5098-F8F005C20E90,,1
1103,12553,12553_00000116-0016-2089-9724-F8F005C20F22,12553_00000117-0016-3958-5808-F8F005C20F22,,1
1125,12580,12580_00000014-0016-0762-6718-F8F005C20967,12580_00000253-0016-1623-5221-F8F005C1B607,,1
1133,12589,12589_00000195-0016-2122-7730-F8F005C1B51F,12589_00000202-0016-2183-8883-F8F005C1B51F,,1
1137,12595,12595_00000268-0016-0936-8942-F8F005C1C8C7,12595_00000449-0016-1843-1247-F8F005C1C8C7,,1
1172,12639,12639_00000093-0016-1217-0029-F8F005C1B4A8,12639_00000128-0016-1528-1221-F8F005C1B4A8,,1
1173,1264,1264_00001162-0016-0991-3431-F8F00528B2AA,1264_00001262-0016-8879-6564-F8F005C20228,,1
1191,12662,12662_00000778-0016-4625-5157-F8F00529AA1E,12662_00000846-0016-4930-9361-F8F00529AA1E,,1
1199,12671,12671_00000034-0016-1018-7599-F8F005C1A68E,12671_00000061-0016-1881-9966-F8F005C1A68E,,1
1203,12675,12675_00000080-0016-1289-9167-F8F005C1B592,12675_00000099-0016-1476-4638-F8F005C1B592,,1
1254,12737,12737_00001007-0016-5457-1187-F8F005C1A5D0,12737_00001756-0016-8961-6474-F8F005C1A5D0,,1
1259,12742,12742_00000341-0016-1872-2649-F8F005C1CB03,12742_00000428-0016-2252-0369-F8F005C1CB03,,1
1263,12748,12748_00000495-0016-1912-3712-F8F005C20B18,12748_00000545-0016-2915-0588-F8F005C20B18,,1
1293,12782,12782_00000031-0016-0919-5154-F8F005C20F84,12782_00000093-0016-1310-2395-F8F005C20F84,,1
1309,12800,12800_00001641-0016-8802-1065-F8F005C1B716,12800_00001646-0016-8932-0188-F8F005C1B716,,1
1337,12831,12831_00000254-0016-1993-9371-F8F005C1B464,12831_00000273-0016-2184-2740-F8F005C1B464,,1
1384,12887,12887_00000019-0016-0897-2968-F8F005C1CA9D,12887_00000131-0016-1433-0932-F8F005C1CA9D,,1
1414,12922,12922_00000679-0016-7837-1110-F8F005C21355,12922_00000719-0016-8275-0069-F8F005C21355,,1
1419,12927,12927_00000194-0016-2119-0772-F8F005C2026B,12927_00000309-0016-6136-7491-F8F005C2026B,,1
1500,13024,13024_00000499-0016-0758-8729-F8F005C21379,13024_00000699-0016-2134-3928-F8F005C21379,,1
1509,13033,13033_00000178-0016-1476-1157-F8F005C1A26B,13033_00000337-0016-2222-1320-F8F005C1A26B,,1
1511,13037,13037_00000422-0016-2923-2725-F8F005C1B8B1,13037_00000390-0016-6037-2111-F8F005C21004,,1
1526,13055,13055_00000084-0016-1333-8096-F8F005C210E0,13055_00000168-0016-2148-5045-F8F005C210E0,,1
1548,13081,13081_00000118-0016-1238-8831-F8F005C1B8C1,13081_00000268-0016-2041-9363-F8F005C1B8C1,,1
1549,13082,13082_00000367-0016-0763-1602-F8F005C21181,13082_00000042-0016-8924-8203-F8F005C1CB87,,1
1589,13129,13129_00000057-0016-1013-5503-F8F005C210DE,13129_00000186-0016-2024-2236-F8F005C210DE,,1
1591,13131,13131_00000167-0016-1429-5916-F8F005C210CD,13131_00000317-0016-2089-5523-F8F005C210CD,,1
1602,13143,13143_00000246-0016-1786-2507-F8F005C21255,13143_00000590-0016-3362-1757-F8F005C21255,,1
1656,13203,13203_00000136-0016-1287-7773-F8F005C20FAA,13203_00000798-0016-8950-3684-F8F00529AA3E,,1
1669,13218,13218_00000031-0016-0866-4760-F8F005C213E5,13218_00000155-0016-1531-8864-F8F005C213E5,,1
1729,13286,13286_00000294-0016-4029-7085-F8F005C1F699,13286_00000388-0016-4978-9149-F8F005C1F699,,1
1755,13313,13313_00000113-0016-1014-4838-F8F005C1F690,13313_00000156-0016-1527-9175-F8F005C1F690,,1
1763,13326,13326_00000156-0016-1419-8724-F8F005C1F653,13326_00000425-0016-3821-9429-F8F005C1F653,,1
1770,13337,13337_00000019-0016-1042-6566-F8F005C1D70A,13337_00000055-0016-1958-0596-F8F005C1D70A,,1
1774,13341,13341_00000053-0016-1037-4318-F8F005C20334,13341_00000059-0016-1065-0529-F8F005C20334,,1
1775,13342,13342_00000236-0016-1886-2233-F8F005C1FCFA,13342_00000278-0016-2123-0680-F8F005C1FCFA,,1
1797,13374,13374_00000044-0016-1773-5349-F8F005C1D7F2,13374_00000148-0016-4486-5931-F8F005C1D7F2,,1
1815,13392,13392_00000033-0016-0976-0815-F8F005C21407,13392_00000034-0016-0979-1228-F8F005C21407,,1
1861,13452,13452_00002205-0016-8772-7731-F8F005C21484,13452_00002245-0016-8958-6103-F8F005C21484,,1
1964,13577,13577_00000478-0016-2848-3857-F8F005C1FED8,13577_00000755-0016-4568-1021-F8F005C1FED8,,1
1967,13580,13580_00000195-0016-0867-1930-F8F005C202DA,13580_00000219-0016-0988-1136-F8F005C202DA,,1
1970,13583,13583_00000005-0016-0761-5313-F8F005C1B871,13583_00000028-0016-0996-9617-F8F005C1B871,,1
2058,13687,13687_00000211-0016-0767-0567-F8F005C20EE5,13687_00000271-0016-1541-0611-F8F005C20EE5,,1
2082,13717,13717_00000375-0016-8314-4013-F8F005C20CCA,13717_00000425-0016-8940-1048-F8F005C20CCA,,1
2127,13775,13775_00000271-0016-1894-1204-F8F005C1D7E8,13775_00000355-0016-2252-6044-F8F005C1D7E8,,1
2147,13802,13802_00000005-0016-0760-2869-F8F005C1B7AC,13802_00000034-0016-1091-0440-F8F005C1B7AC,,1
2149,13805,13805_00000970-0016-7480-9787-F8F005C1FA87,13805_00001192-0016-8928-2884-F8F005C1FA87,,1
2150,13806,13806_00000001-0016-0735-7670-F8F005C1F9CA,13806_00000230-0016-1877-5216-F8F005C1F9CA,,1
2151,13807,13807_00000123-0016-1362-4333-F8F005C1B5A6,13807_00000282-0016-2249-1473-F8F005C1B5A6,,1
2228,1390,1390_2020-05-22 07:00:00,1390_2020-05-29 21:00:00,,1
2233,13904,13904_00000353-0016-2098-9862-F8F005C205EA,13904_00000356-0016-2115-7078-F8F005C205EA,,1
2274,13954,13954_00000097-0016-1277-9770-F8F005C21237,13954_00000119-0016-1492-4781-F8F005C21237,,1
2277,13957,13957_00000192-0016-2062-3823-F8F005C20F7F,13957_00000438-0016-6166-0414-F8F005C20F7F,,1
2278,13958,13958_00000049-0016-1017-8848-F8F005C20ECD,13958_00000053-0016-1039-7735-F8F005C20ECD,,1
2286,13970,13970_00000009-0016-0767-8116-F8F005C1CAEE,13970_00000021-0016-0810-6075-F8F005C1CAEE,,1
2354,14052,14052_00000338-0016-2244-7207-F8F005C1B56A,14052_00000340-0016-2252-3804-F8F005C1B56A,,1
2372,14072,14072_00000312-0016-1017-7831-F8F005C1CB25,14072_00000425-0016-2141-9898-F8F005C1CB25,,1
2424,14146,14146_00000268-0016-1902-9258-F8F005C20948,14146_00000349-0016-2257-4358-F8F005C20948,,1
2440,14165,14165_00000505-0016-4107-2150-F8F005C1CABE,14165_00000908-0016-8930-8163-F8F005C1CABE,,1
2442,14167,14167_00000567-0016-1501-4760-F8F005C1F80F,14167_00000814-0016-2926-2064-F8F005C1F80F,,1
2445,14170,14170_00000032-0016-0936-3784-F8F005C202D4,14170_00000094-0016-1214-9443-F8F005C202D4,,1
2448,14174,14174_00000183-0016-1840-5046-F8F005C212C2,14174_00000184-0016-1847-7331-F8F005C212C2,,1
2454,14181,14181_00000090-0016-1144-9150-F8F005C1FC13,14181_00000289-0016-2106-9715-F8F005C1FC13,,1
2455,14182,14182_00000448-0016-0931-4190-F8F005C20BAD,14182_00000550-0016-1916-0839-F8F005C20BAD,,1
2465,14199,14199_00000327-0016-2188-9215-F8F005C1B908,14199_00000342-0016-2252-8834-F8F005C1B908,,1
2466,14200,14200_00000899-0016-4594-3531-F8F005C1F698,14200_00001021-0016-5734-8691-F8F005C1F698,,1
2469,14204,14204_00000097-0016-1431-8364-F8F005C1CB1F,14204_00000100-0016-1527-2450-F8F005C1CB1F,,1
2476,14216,14216_00000245-0016-0790-0452-F8F005C1F746,14216_00000342-0016-1502-6771-F8F005C1F746,,1
2483,14226,14226_00000654-0016-3713-4242-F8F005C2036B,14226_00000813-0016-4553-1995-F8F005C2036B,,1
2489,14235,14235_00000050-0016-0997-6021-F8F005C1A544,14235_00000356-0016-3035-7561-F8F005C1A544,,1
2497,14245,14245_00000211-0016-0923-3167-F8F005C1FC57,14245_00000505-0016-6643-1344-F8F005C1FC57,,1
2499,14249,14249_00000112-0016-1364-5949-F8F005C20288,14249_00000119-0016-1528-3738-F8F005C20288,,1
2504,14256,14256_00000013-0016-0824-9476-F8F005C20224,14256_00000170-0016-1518-3152-F8F005C20224,,1
2508,14260,14260_00000030-0016-0928-3866-F8F005C20361,14260_00000323-0016-8928-1657-F8F005C20361,,1
2510,14262,14262_00000050-0016-1022-9365-F8F005C1C56C,14262_00000120-0016-1518-1910-F8F005C1C56C,,1
2525,14283,14283_00000059-0016-1198-9013-F8F005C1ED6E,14283_00000068-0016-1241-6109-F8F005C1ED6E,,1
2528,14287,14287_00000183-0016-0780-0524-F8F005C1C9A9,14287_00000308-0016-1359-4425-F8F005C1C9A9,,1
2537,14296,14296_00000292-0016-1978-7364-F8F005C2114E,14296_00000318-0016-2222-8465-F8F005C2114E,,1
2542,14302,14302_00000101-0016-1024-0163-F8F005C1F5C5,14302_00000240-0016-2137-9038-F8F005C1F5C5,,1
2545,14305,14305_00000424-0016-2824-1642-F8F005C20B70,14305_00001359-0016-8929-1201-F8F005C20B70,,1
2547,14307,14307_00000250-0016-3639-6201-F8F005C2033D,14307_00000533-0016-8797-3499-F8F005C2033D,,1
2579,14353,14353_00000012-0016-1017-8849-F8F005C1F599,14353_00000017-0016-1320-6192-F8F005C1F599,,1
2587,14360,14360_00000125-0016-1021-0356-F8F005C1B651,14360_00000409-0016-2261-5685-F8F005C1B651,,1
2589,14364,14364_00000054-0016-1168-8606-F8F005C1FFEA,14364_00000165-0016-2243-7238-F8F005C1FFEA,,1
2606,14387,14387_00000264-0016-2148-8438-F8F005C1FE9D,14387_00001062-0016-8923-1157-F8F005C1FE9D,,1
2608,14390,14390_00000050-0016-1199-0449-F8F005C20EF0,14390_00000196-0016-2217-2967-F8F005C20EF0,,1
2610,14393,14393_00000557-0016-3860-5166-F8F005C209F1,14393_00001126-0016-8919-0014-F8F005C209F1,,1
2633,14425,14425_00000009-0016-0872-8306-F8F005C20CDC,14425_00000274-0016-2243-3607-F8F005C20CDC,,1
2635,14427,14427_00000147-0016-1431-6410-F8F005C2127B,14427_00000343-0016-2243-3543-F8F005C2127B,,1
2640,14434,14434_00000093-0016-1394-1749-F8F00529C21D,14434_00000429-0016-3064-5281-F8F00529C21D,,1
2645,14445,14445_00000242-0016-2140-2707-F8F005C1FEC1,14445_00000991-0016-8867-6302-F8F005C1FEC1,,1
2646,14446,14446_00000126-0016-1480-3685-F8F005C1FF35,14446_00000359-0016-5795-5429-F8F005C1FF35,,1
2710,14539,14539_00001478-0016-6415-8381-F8F005C20507,14539_00002062-0016-8955-4314-F8F005C20507,,1
2712,14548,14548_00000268-0016-0887-8029-F8F005C2021E,14548_00000279-0016-0928-4486-F8F005C2021E,,1
2725,14566,14566_00000453-0016-3078-9460-F8F005C2147E,14566_00000529-0016-4244-9658-F8F005C2147E,,1
2747,14599,14599_00000934-0016-5085-8769-F8F005C20DFE,14599_00001800-0016-8962-5157-F8F005C20DFE,,1
2751,14604,14604_00000066-0016-0984-0741-F8F005C1B7BD,14604_00000311-0016-2215-4250-F8F005C1B7BD,,1
2756,14612,14612_00000304-0016-1303-7364-F8F005C1B7EA,14612_00001348-0016-8923-2738-F8F005C1B7EA,,1
2757,14617,14617_00000167-0016-1325-8596-F8F005C1C7D5,14617_00000351-0016-2223-3443-F8F005C1C7D5,,1
2900,14807,14807_00000161-0016-1175-6526-F8F005C1C443,14807_00000235-0016-1490-1667-F8F005C1C443,,1
2913,14823,14823_00000195-0016-2242-3754-F8F005C1D83D,14823_00000198-0016-2253-9204-F8F005C1D83D,,1
2924,14835,14835_00000296-0016-1935-9157-F8F005C1D837,14835_00000297-0016-1939-6492-F8F005C1D837,,1
2990,14908,14908_00001237-0016-4384-4286-F8F005C207D4,14908_00002195-0016-8623-6572-F8F005C207D4,,1
3048,14975,14975_00000395-0016-1193-0508-F8F005C1B41A,14975_00000549-0016-1878-5698-F8F005C1B41A,,1
3052,14981,14981_00000072-0016-1192-5677-F8F005C1F66D,14981_00000318-0016-2255-6371-F8F005C1F66D,,1
3055,14987,14987_00000034-0016-1165-2424-F8F005C2071B,14987_00000312-0016-2242-6139-F8F005C2071B,,1
3112,15070,15070_00000042-0016-1199-3646-F8F005C20FF8,15070_00000283-0016-2255-2101-F8F005C20FF8,,1
3172,15147,15147_00000326-0016-1066-0479-F8F005C1E19C,15147_00000353-0016-1176-3354-F8F005C1E19C,,1
3187,15170,15170_00000576-0016-1999-0450-F8F005C1FF44,15170_00000635-0016-2253-9071-F8F005C1FF44,,1
3236,15227,15227_00000076-0016-1408-8682-F8F005C1B923,15227_00000258-0016-2264-4054-F8F005C1B923,,1
3271,15272,15272_00000145-0016-1218-8625-F8F005C1FE09,15272_00000390-0016-2255-0538-F8F005C1FE09,,1
3274,15275,15275_00000215-0016-1831-4501-F8F005C1A557,15275_00000322-0016-2258-6554-F8F005C1A557,,1
3275,15276,15276_00000215-0016-2040-6951-F8F005C1B84F,15276_00000252-0016-2222-2426-F8F005C1B84F,,1
3327,15342,15342_00000089-0016-1460-1603-F8F005C1FE8F,15342_00000271-0016-2255-1715-F8F005C1FE8F,,1
3371,15399,15399_00000083-0016-1407-6167-F8F005C1C3C9,15399_00000270-0016-2259-3019-F8F005C1C3C9,,1
3387,15416,15416_00000071-0016-1369-6616-F8F005C1D774,15416_00000247-0016-2117-3207-F8F005C1D774,,1
3401,15433,15433_00000474-0016-2172-7065-F8F005C1C4EB,15433_00000492-0016-2255-0282-F8F005C1C4EB,,1
3413,15453,15453_00000150-0016-1330-4184-F8F005C1C3C1,15453_00000339-0016-2169-3525-F8F005C1C3C1,,1
3476,1553,1553_2020-05-17 10:00:00,1553_2020-06-14 21:00:00,,1
3479,15533,15533_00000261-0016-1524-6540-F8F005C1C71B,15533_00000415-0016-2258-6684-F8F005C1C71B,,1
3482,15537,15537_00000347-0016-2238-5210-F8F005C20CFD,15537_00000352-0016-2259-0125-F8F005C20CFD,,1
3641,15741,15741_00000109-0016-1478-5035-F8F005C1C3BD,15741_00000120-0016-1524-7166-F8F005C1C3BD,,1
3648,15753,15753_00000065-0016-1362-3363-F8F005C1F59D,15753_00000103-0016-1509-2799-F8F005C1F59D,,1
3673,15785,15785_00000504-0016-2130-6199-F8F005C1FAFE,15785_00000744-0016-7400-5681-F8F005C1FAFE,,1
3680,15798,15798_00000101-0016-7405-1234-F8F005C200E3,15798_00000174-0016-8916-9925-F8F005C200E3,,1
3695,15825,15825_00000715-0016-1853-3464-F8F005C1F92F,15825_00000831-0016-3578-0677-F8F005C1F92F,,1
3701,15836,15836_00000317-0016-2186-8851-F8F005C1FDDF,15836_00000336-0016-2263-9473-F8F005C1FDDF,,1
3711,15848,15848_00000473-0016-1826-7015-F8F005C1B436,15848_00000575-0016-2263-6144-F8F005C1B436,,1
3717,15854,15854_00000309-0016-1305-4957-F8F005C1F560,15854_00000531-0016-2260-1057-F8F005C1F560,,1
3721,15858,15858_00000442-0016-1809-2501-F8F005C1C6E2,15858_00000542-0016-2255-7278-F8F005C1C6E2,,1
3783,15941,15941_00000241-0016-1815-5950-F8F005C20CA9,15941_00000438-0016-2264-4904-F8F005C20CA9,,1
3818,15985,15985_00000593-0016-1516-5766-F8F005C1F7FB,15985_00001139-0016-6428-8336-F8F005C1F7FB,,1
3829,16002,16002_00000167-0016-1374-6363-F8F005C1F846,16002_00000243-0016-2212-5168-F8F005C1F846,,1
3885,16070,16070_00000613-0016-1872-0555-F8F005C207D8,16070_00000643-0016-2039-3500-F8F005C207D8,,1
3886,16071,16071_00000679-0016-1456-7929-F8F005C1FAF3,16071_00000263-0016-8626-5189-F8F005C39ED4,,1
3960,16189,16189_00000002-0016-1276-6127-F8F005C1FC31,16189_00000030-0016-1501-3538-F8F005C1FC31,,1
3962,16192,16192_00000259-0016-1275-8816-F8F005C1F9C5,16192_00000331-0016-1983-6006-F8F005C1F9C5,,1
3963,16193,16193_00001197-0016-7314-3833-F8F005C1F9E4,16193_00001482-0016-8963-6441-F8F005C1F9E4,,1
3974,16208,16208_00000039-0016-2030-7047-F8F005C1FDDB,16208_00000070-0016-3107-6597-F8F005C1FDDB,,1
3987,16228,16228_00000690-0016-8004-7473-F8F005C2041D,16228_00000761-0016-8852-0335-F8F005C2041D,,1
3989,16236,16236_00000011-0016-1871-6810-F8F00528AB5F,16236_00000064-0016-4749-5349-F8F00528AB5F,,1
3994,16248,16248_00000106-0016-1546-8714-F8F005C1C889,16248_00000254-0016-2195-5911-F8F005C1C889,,1
4016,16309,16309_00000306-0016-2136-8460-F8F005C1A4A4,16309_00000314-0016-2175-9572-F8F005C1A4A4,,1
4029,16353,16353_00001392-0016-6005-8349-F8F005C1FC2F,16353_00001793-0016-8173-4246-F8F005C1FC2F,,1
4063,16427,16427_00000705-0016-3997-6218-F8F005C1C3D5,16427_00000760-0016-4317-6845-F8F005C1C3D5,,1
4065,16430,16430_00000954-0016-3000-3216-F8F005C1CA67,16430_00001034-0016-3748-3695-F8F005C1CA67,,1
4122,16542,16542_00000269-0016-3059-2622-F8F005C1FE0F,16542_00000365-0016-4554-8104-F8F005C1FE0F,,1
4134,16559,16559_00000393-0016-3741-1882-F8F005C2026C,16559_00001017-0016-8949-5061-F8F005C2026C,,1
4190,16627,16627_00000274-0016-3398-6291-F8F005C20B3B,16627_00000331-0016-3764-5224-F8F005C20B3B,,1
4204,16645,16645_00000225-0016-2874-8678-F8F005C1F6E0,16645_00001445-0016-8931-8368-F8F005C1F6E0,,1
4207,16649,16649_00000061-0016-2913-7741-F8F005C1F5E2,16649_00000258-0016-4334-5587-F8F005C1F5E2,,1
4211,16654,16654_00000016-0016-2992-2701-F8F005C1B624,16654_00000030-0016-3545-1038-F8F005C1B624,,1
4212,16655,16655_00000441-0016-3271-4523-F8F005C1F866,16655_00000445-0016-3294-6635-F8F005C1F866,,1
4216,16660,16660_00000294-0016-4345-1285-F8F005C1CCF8,16660_00000298-0016-4475-0716-F8F005C1CCF8,,1
4229,1668,1668_00000528-0016-0520-9638-F8F005C1C83A,1668_00000970-0016-8909-8492-F8F005C1C83A,,1
4286,16761,16761_00000339-0016-4059-3649-F8F005C20D06,16761_00000404-0016-7368-9810-F8F005C20D06,,1
4287,16762,16762_00000083-0016-2961-9379-F8F005C20D02,16762_00000635-0016-8833-6896-F8F005C20D02,,1
4290,16767,16767_00000067-0016-3219-7116-F8F005C1FFE0,16767_00000069-0016-3255-9397-F8F005C1FFE0,,1
4291,16768,16768_00000546-0016-3708-8090-F8F005C20FFE,16768_00001109-0016-8409-0613-F8F005C20FFE,,1
4345,16834,16834_00000453-0016-4680-2680-F8F005C210CE,16834_00000478-0016-7312-0121-F8F005C210CE,,1
4347,16837,16837_00000036-0016-4208-0971-F8F005C1FEBD,16837_00000040-0016-4966-7806-F8F005C1FEBD,,1
4375,16871,16871_00000559-0016-5777-1067-F8F005C20435,16871_00000736-0016-6978-8042-F8F005C20435,,1
4376,16872,16872_00000194-0016-3675-5575-F8F005C2137B,16872_00000307-0016-4564-7344-F8F005C2137B,,1
4377,16873,16873_00000131-0016-2878-3066-F8F005C1FBBE,16873_00000158-0016-3437-6395-F8F005C1FBBE,,1
4393,16892,16892_00000239-0016-3418-4344-F8F00529AA4B,16892_00000441-0016-5033-9871-F8F00529AA4B,,1
4398,16897,16897_00000456-0016-4331-2025-F8F005C210ED,16897_00000459-0016-4478-7302-F8F005C210ED,,1
4433,16954,16954_00000188-0016-3796-2998-F8F005C20D82,16954_00000858-0016-8875-9057-F8F005C20D82,,1
4442,16965,16965_00000567-0016-5146-6876-F8F005C1F804,16965_00000789-0016-8836-3426-F8F005C1F804,,1
4450,16972,16972_00000549-0016-3191-1632-F8F005C1B87A,16972_00000587-0016-3366-8031-F8F005C1B87A,,1
4456,16982,16982_00000246-0016-3437-0933-F8F005C209FE,16982_00000572-0016-7039-5121-F8F005C209FE,,1
4482,17017,17017_00000035-0016-2844-4681-F8F005C1B6BF,17017_00000603-0016-8952-7890-F8F005C1B6BF,,1
4528,17073,17073_00000111-0016-2901-4249-F8F005C1CA98,17073_00000386-0016-4402-1893-F8F005C1CA98,,1
4530,17075,17075_00000489-0016-4358-7467-F8F005C20BA9,17075_00000639-0016-5074-8584-F8F005C20BA9,,1
4546,1710,1710_00000311-0016-0340-2923-F8F005C1D809,1710_00000370-0016-0818-8495-F8F005C1D809,,1
4547,17102,17102_00000464-0016-3161-2211-F8F00529A9EC,17102_00001346-0016-7627-6302-F8F00529A9EC,,1
4549,17105,17105_00000762-0016-8175-7199-F8F005C1F765,17105_00000857-0016-8949-1080-F8F005C1F765,,1
4576,17155,17155_00000088-0016-3158-9513-F8F005C21145,17155_00000173-0016-4979-2674-F8F005C21145,,1
4622,17219,17219_00000189-0016-3298-3858-F8F005C1B67E,17219_00000616-0016-8232-8962-F8F005C1B67E,,1
4635,17241,17241_00000679-0016-5512-9682-F8F005C20308,17241_00000683-0016-5563-1484-F8F005C20308,,1
4643,17250,17250_00000720-0016-3476-2660-F8F005C1C5B1,17250_00001679-0016-8317-5471-F8F005C1C5B1,,1
4671,17281,17281_00000391-0016-5060-5304-F8F005C1B8D8,17281_00000403-0016-6513-8900-F8F005C1B8D8,,1
4674,17285,17285_00000096-0016-3620-1387-F8F005C203F6,17285_00000538-0016-8962-5675-F8F005C203F6,,1
4675,17286,17286_00000024-0016-2827-6339-F8F00529A9E4,17286_00000125-0016-3392-2604-F8F00529A9E4,,1
4677,1729,1729_00000420-0016-0923-3020-F8F005C1D753,1729_00000429-0016-1253-0266-F8F005C1D753,,1
4688,17313,17313_00000275-0016-7351-3197-F8F005C1A590,17313_00000648-0016-8961-7975-F8F005C1A590,,1
4729,17381,17381_00000512-0016-3766-7855-F8F005C20A41,17381_00001588-0016-8948-4124-F8F005C20A41,,1
4741,17397,17397_00000667-0016-3016-4704-F8F005C1FA90,17397_00000882-0016-4027-7244-F8F005C1FA90,,1
4757,1743,1743_00000455-0016-0529-8999-F8F00528B1F3,1743_00000469-0016-1407-1833-F8F00528B1F3,,1
4759,1747,1747_00001007-0016-1790-5181-F8F005C1C9FC,1747_00001110-0016-2251-6893-F8F005C1C9FC,,1
4777,17611,17611_00000579-0016-3702-1365-F8F005C20787,17611_00000581-0016-3713-3644-F8F005C20787,,1
4779,17614,17614_00000539-0016-3238-4251-F8F005C207DA,17614_00000764-0016-5871-0502-F8F005C207DA,,1
4810,17668,17668_00000341-0016-3595-3161-F8F005C1F863,17668_00000462-0016-4165-5201-F8F005C1F7FD,,1
4812,17673,17673_00001175-0016-3534-1815-F8F005C1FB09,17673_00001363-0016-8963-2069-F8F005C1FA0D,,1
4813,17676,17676_00000721-0016-3565-7229-F8F005C1F9E8,17676_00001123-0016-5561-8919-F8F005C1F9E8,,1
4815,17679,17679_00000614-0016-4709-1330-F8F005C1B6FA,17679_00000620-0016-4899-5609-F8F005C1B6FA,,1
4828,17701,17701_00000802-0016-3491-5044-F8F005C2089F,17701_00000882-0016-4027-4252-F8F005C2089F,,1
4853,1774,1774_00000610-0016-0801-3145-F8F005C1C711,1774_00001744-0016-8767-2415-F8F005C1C711,,1
4854,17740,17740_00000036-0016-8511-2328-F8F005C21563,17740_00000040-0016-8834-7241-F8F005C21563,,1
4879,17958,17958_00000143-0016-4477-5770-F8F005C1F843,17958_00000162-0016-4907-5847-F8F005C1F843,,1
4928,18063,18063_00000025-0016-3860-8406-F8F005C1F6B1,18063_00000046-0016-4175-1665-F8F005C1F6B1,,1
4937,18079,18079_00000643-0016-3858-9888-F8F005C1FCC0,18079_00002079-0016-8000-9902-F8F005C1F8CE,,1
4938,1808,1808_00001095-0016-2122-5578-F8F005C1C6CA,1808_00002574-0016-8949-2823-F8F005C1C6CA,,1
4939,18082,18082_00000195-0016-4263-0076-F8F00529AA35,18082_00000200-0016-4334-7789-F8F00529AA35,,1
4947,18099,18099_00000221-0016-4861-7101-F8F005C20A67,18099_00000473-0016-8952-1495-F8F005C20A67,,1
4953,18106,18106_00000717-0016-6023-1454-F8F005C1F88A,18106_00000719-0016-6032-8764-F8F005C1F88A,,1
4954,18108,18108_00000423-0016-4849-7100-F8F005C1FC0D,18108_00000557-0016-6848-9799-F8F005C1FC0D,,1
4972,1813,1813_2020-05-14 22:00:00,1813_00000646-0016-1777-3542-F8F005C1C480,,1
5036,18193,18193_00000964-0016-5656-9157-F8F005C206C2,18193_00001637-0016-8841-9585-F8F005C206C2,,1
5048,18205,18205_00000178-0016-4625-1165-F8F005C1C582,18205_00001118-0016-8953-3005-F8F005C1C582,,1
5049,18206,18206_00000338-0016-5005-2732-F8F005C20224,18206_00000756-0016-8836-1303-F8F005C20224,,1
5057,18216,18216_00001376-0016-6884-5334-F8F005C21228,18216_00001749-0016-8698-0527-F8F005C21228,,1
5058,18217,18217_00000453-0016-6179-4343-F8F005C20FE2,18217_00000586-0016-6915-8035-F8F005C20FE2,,1
5062,18224,18224_00000304-0016-4980-1752-F8F005C1F5CE,18224_00000558-0016-8811-9765-F8F005C1F5CE,,1
5065,18227,18227_00000347-0016-4010-3210-F8F005C20960,18227_00000352-0016-4032-6533-F8F005C20960,,1
5086,1825,1825_2020-06-09 03:00:00,1825_00001775-0016-6088-0686-F8F005C1C5E9,,1
5126,18292,18292_00001398-0016-8923-3461-F8F005C20A08,18292_00001401-0016-8950-0471-F8F005C20A08,,1
5137,18303,18303_00000383-0016-3911-7953-F8F005C20F31,18303_00000848-0016-6180-1023-F8F005C20F31,,1
5140,18307,18307_00000749-0016-5786-5421-F8F005C20948,18307_00001389-0016-8949-1924-F8F005C20948,,1
5144,18314,18314_00000084-0016-4280-5810-F8F005C1F4E6,18314_00000139-0016-8750-2760-F8F00528B39F,,1
5152,18322,18322_00000299-0016-4288-9483-F8F005C20D1F,18322_00000569-0016-8768-2523-F8F005C20D1F,,1
5166,18338,18338_00000347-0016-4586-3616-F8F005C213A0,18338_00000764-0016-8905-9597-F8F005C213A0,,1
5167,18339,18339_00000172-0016-4763-9370-F8F005C20AD1,18339_00000191-0016-4922-2941-F8F005C20AD1,,1
5171,18343,18343_00000459-0016-8259-9577-F8F005C1FD0D,18343_00000500-0016-8953-5335-F8F005C1FD0D,,1
5181,18356,18356_00000303-0016-4531-8086-F8F005C202BD,18356_00000733-0016-7419-1671-F8F005C202BD,,1
5183,18359,18359_00000093-0016-4340-6581-F8F005C1B658,18359_00000127-0016-4502-4898-F8F005C1B658,,1
5189,18366,18366_00000329-0016-4007-0668-F8F005C20ACB,18366_00000330-0016-5156-1778-F8F005C20ACB,,1
5201,18386,18386_00000842-0016-4158-9422-F8F005C1FE16,18386_00000876-0016-4559-0914-F8F005C1FE16,,1
5205,1839,1839_2020-05-19 06:00:00,1839_2020-05-25 06:00:00,,1
5209,18394,18394_00000483-0016-4556-1993-F8F005C2000A,18394_00000860-0016-6430-5291-F8F005C2000A,,1
5214,18399,18399_00000384-0016-4124-6599-F8F005C1B80F,18399_00000395-0016-4180-3100-F8F005C1B80F,,1
5240,18425,18425_00000562-0016-4360-5683-F8F005C1F615,18425_00001508-0016-8956-6737-F8F005C1F615,,1
5253,18443,18443_00000665-0016-4667-5355-F8F005C21399,18443_00000916-0016-7346-1031-F8F005C21399,,1
5287,18481,18481_00000514-0016-4245-4280-F8F00528ABA9,18481_00001100-0016-6941-1998-F8F00528ABA9,,1
5289,18483,18483_00000055-0016-4616-4239-F8F005C21496,18483_00000056-0016-4625-4253-F8F005C21496,,1
5299,18495,18495_00000042-0016-6156-8052-F8F005C216E9,18495_00000001-0016-7627-4049-F8F005C3AE56,,1
5302,18498,18498_00000324-0016-4806-8467-F8F005C1F62F,18498_00000349-0016-5100-1023-F8F005C1F62F,,1
5311,18509,18509_00000118-0016-4417-8457-F8F005C211BB,18509_00000327-0016-8351-4396-F8F005C211BB,,1
5322,18523,18523_00000588-0016-5333-8930-F8F005C20319,18523_00000918-0016-8292-4562-F8F005C20319,,1
5375,18605,18605_00000244-0016-4414-7013-F8F005C1D76D,18605_00000260-0016-4484-0136-F8F005C1D76D,,1
5377,18608,18608_00000137-0016-4393-9221-F8F005C1C43A,18608_00000161-0016-4496-6100-F8F005C1C43A,,1
5401,18662,18662_00000622-0016-4505-4657-F8F005C1B8F6,18662_00000639-0016-4580-3169-F8F005C1B8F6,,1
5403,18665,18665_00001487-0016-7565-9766-F8F00528AC7C,,,2
5405,18669,18669_00000233-0016-7394-0947-F8F005C1B75F,,,2
5437,18717,18717_00000155-0016-8335-8250-F8F005C1FB5A,18717_00000183-0016-8922-7766-F8F005C1FB5A,,1
5444,18724,18724_00000585-0016-8950-7023-F8F005C1C6A9,18724_00000586-0016-8954-4068-F8F005C1C6A9,,1
5453,18736,18736_00001876-0016-6860-2572-F8F005C1C99B,18736_00002284-0016-8813-1541-F8F005C1C99B,,1
5476,18814,18814_00000397-0016-6791-0783-F8F005C1CCBB,18814_00000578-0016-7966-8693-F8F005C1CCBB,,1
5483,18907,18907_00000448-0016-6919-5265-F8F005C1A4AD,18907_00000456-0016-7163-6185-F8F005C1A4AD,,1
5499,1901,1901_00001223-0016-3260-4508-F8F005C1D83F,1901_00001714-0016-5783-3127-F8F005C1D83F,,1
5501,19012,19012_00000348-0016-7014-7509-F8F005C20C42,19012_00000377-0016-7657-7440-F8F005C20C42,,1
5508,19023,19023_00000636-0016-5602-0419-F8F005C213E4,19023_00000864-0016-7022-7509-F8F005C213E4,,1
5527,19064,19064_00000236-0016-6047-4934-F8F005C1CC70,19064_00000734-0016-8897-5867-F8F005C1CC70,,1
5540,19078,19078_00000374-0016-5735-5693-F8F005C2033D,19078_00000521-0016-8442-2200-F8F005C2033D,,1
5541,19079,19079_00000849-0016-5690-7708-F8F005C1F58B,19079_00001119-0016-8922-1169-F8F005C1F58B,,1
5542,19080,19080_00000923-0016-6110-4033-F8F005C2140B,19080_00000668-0016-8961-9289-F8F00528AB74,,1
5544,19082,19082_00001983-0016-5708-1741-F8F005C21131,19082_00003438-0016-8957-2683-F8F005C21131,,1
5567,19105,19105_00001166-0016-5526-8605-F8F005C2065F,19105_00002492-0016-8585-7078-F8F005C2065F,,1
5583,19122,19122_00000806-0016-5402-2292-F8F005C1C8ED,19122_00001102-0016-8037-8376-F8F005C1C8ED,,1
5589,19129,19129_00003082-0016-8783-5596-F8F005C1D838,19129_00003142-0016-8956-2186-F8F005C1D838,,1
5645,19204,19204_00000014-0016-6662-0262-F8F005C211B2,19204_00000137-0016-7656-1376-F8F005C211B2,,1
5663,19222,19222_00001141-0016-6128-7318-F8F005C1CC7D,19222_00001388-0016-8893-6182-F8F005C1CC7D,,1
5709,19282,19282_00000726-0016-7648-0594-F8F005C1FB8B,19282_00001198-0016-8926-7932-F8F005C1FB8B,,1
5716,19296,19296_00001757-0016-6025-1417-F8F005C1C725,19296_00001763-0016-6060-0676-F8F005C1C725,,1
5726,19311,19311_00002318-0016-8122-2039-F8F005C1FD4A,19311_00002513-0016-8943-0652-F8F005C1FD4A,,1
5728,19316,19316_00000680-0016-6064-7828-F8F005C1C5D5,19316_00000810-0016-8526-7385-F8F005C1C5D5,,1
5730,19318,19318_00001321-0016-8919-5389-F8F005C1C3EB,19318_00001326-0016-8949-2249-F8F005C1C3EB,,1
5759,19349,19349_00000701-0016-5653-7985-F8F005C20CD8,19349_00000707-0016-5895-5595-F8F005C20CD8,,1
5783,19390,19390_00000377-0016-6425-0690-F8F005C1A49C,19390_00000612-0016-8730-8897-F8F005C1A49C,,1
5789,19408,19408_00001252-0016-6442-6277-F8F005C20AE1,19408_00001437-0016-7117-3145-F8F005C20AE1,,1
5843,19530,19530_00000861-0016-6303-9523-F8F005C1C48B,19530_00000880-0016-6850-8410-F8F005C1C48B,,1
5870,19573,19573_00001240-0016-6022-0498-F8F005C20524,19573_00001564-0016-7466-0062-F8F005C20524,,1
5874,19578,19578_00000383-0016-7545-9883-F8F005C1FE77,19578_00000744-0016-8962-2665-F8F005C1FE77,,1
5877,19580,19580_00000825-0016-7220-5418-F8F005C1C57F,19580_00000833-0016-7274-1758-F8F005C1C57F,,1
5881,19585,19585_00000758-0016-8465-6474-F8F005C1A726,19585_00000872-0016-8957-3536-F8F005C1A726,,1
5894,19600,19600_00000104-0016-5999-7272-F8F005C1B5EE,19600_00000120-0016-6065-6221-F8F005C1B5EE,,1
5935,19654,19654_00001437-0016-6114-7980-F8F005C1FB7E,19654_00000187-0016-8409-2807-F8F005C21E86,,1
6022,1978,1978_00000602-0016-5920-0336-F8F005C20ED0,1978_00001272-0016-8910-1122-F8F005C20ED0,,1
6030,19797,19797_00000168-0016-6931-4362-F8F005C220AF,19797_00000299-0016-8545-6554-F8F005C220AF,,1
6037,19806,19806_00000008-0016-6255-7060-F8F005C21EDB,19806_00001071-0016-7941-1602-F8F005C20854,,1
6048,19821,19821_00000341-0016-7643-9861-F8F005C20D0A,19821_00000614-0016-8957-0313-F8F005C20D0A,,1
6050,19823,19823_00000063-0016-6618-3314-F8F005C201B2,19823_00000254-0016-8954-9981-F8F005C3ADB1,,1
6055,19832,19832_00000519-0016-6244-7393-F8F005C1FDDB,19832_00000734-0016-7232-2813-F8F005C1FDDB,,1
6060,19837,19837_00001072-0016-6271-8823-F8F005C1CC12,19837_00001179-0016-7007-8715-F8F005C1CC12,,1
6065,19846,19846_00000063-0016-6489-3729-F8F005C2156D,19846_00000196-0016-7076-7444-F8F005C2156D,,1
6080,19874,19874_00000209-0016-8070-7357-F8F005C21765,19874_00000276-0016-8822-8367-F8F005C21765,,1
6090,19891,19891_00000002-0016-6200-7922-F8F005C22305,19891_00000037-0016-7704-3701-F8F005C22305,,1
6091,19893,19893_00000012-0016-6271-1182-F8F005C21B77,19893_00000015-0016-7157-3034-F8F005C21B77,,1
6097,19908,19908_00000014-0016-6325-4126-F8F005C22300,19908_00000060-0016-8874-3306-F8F005C22300,,1
6115,19943,19943_00000054-0016-6954-5954-F8F005C2214D,19943_00000106-0016-7533-1258-F8F005C2214D,,1
6129,19966,19966_00000005-0016-6299-8103-F8F005C2165A,19966_00000104-0016-8952-7320-F8F005C2165A,,1
6136,19982,19982_00000181-0016-7693-7344-F8F005C216D8,19982_00000353-0016-8960-9929-F8F005C216D8,,1
6142,19993,19993_00000165-0016-7789-2854-F8F005C21769,19993_00000297-0016-8917-6273-F8F005C21769,,1
6144,19996,19996_00000011-0016-6502-0390-F8F005C218C4,19996_00000033-0016-7152-1123-F8F005C218C4,,1
6150,20007,20007_00000026-0016-6564-2301-F8F005C21ED3,20007_00000069-0016-8381-0813-F8F005C21ED3,,1
6155,20013,20013_00000012-0016-6320-5116-F8F005C39EF1,20013_00000060-0016-7436-9362-F8F005C39F1E,,1
6180,20043,20043_00000016-0016-5224-5951-F8F005C22140,20043_00000114-0016-7568-6018-F8F005C22140,,1
6188,20059,20059_00000064-0016-8905-1774-F8F005C3C911,20059_00000071-0016-8941-2774-F8F005C3C911,,1
6194,20070,20070_00000068-0016-7469-1242-F8F005C22256,20070_00000073-0016-8042-4428-F8F005C22256,,1
6201,20087,20087_00000100-0016-6734-2958-F8F005C20045,20087_00000154-0016-7511-8895-F8F005C20045,,1
6202,20089,20089_00000009-0016-6347-5974-F8F005C39F02,20089_00000013-0016-6533-8590-F8F005C39F02,,1
6211,20104,20104_00000055-0016-6671-2245-F8F005C219C3,20104_00000274-0016-8687-2371-F8F005C219C3,,1
6215,20115,20115_00001897-0016-6344-6207-F8F005C1FE70,20115_00002117-0016-8011-7468-F8F005C1FE70,,1
6228,20134,20134_00000255-0016-7319-1820-F8F005C2007A,20134_00000357-0016-8899-6744-F8F005C2007A,,1
6304,20240,20240_00000145-0016-7700-7863-F8F005C1CAD6,20240_00000152-0016-8625-6699-F8F005C1CAD6,,1
6321,20260,20260_00000166-0016-8020-9301-F8F005C20818,20260_00000231-0016-8893-7462-F8F005C20818,,1
6356,20304,20304_00000491-0016-8067-5149-F8F005C20338,20304_00000527-0016-8723-6337-F8F005C20338,,1
6361,20309,20309_00000097-0016-7096-1643-F8F005C1FEB3,20309_00000217-0016-7778-7687-F8F005C1FEB3,,1
6369,20319,20319_00000736-0016-8352-9885-F8F005C1FB3D,20319_00000852-0016-8896-9018-F8F005C1FB3D,,1
6396,20353,20353_00000258-0016-8081-5411-F8F005C20D26,20353_00000378-0016-8758-9853-F8F005C20D26,,1
6400,20358,20358_00000340-0016-7719-2531-F8F005C2025D,20358_00000473-0016-8923-8492-F8F005C2025D,,1
6401,20359,20359_00000707-0016-6891-3618-F8F005C205A1,20359_00000946-0016-8934-7463-F8F005C205A1,,1
6432,2040,2040_00001149-0016-8015-7814-F8F005C1C819,2040_00001196-0016-8262-3083-F8F005C1C819,,1
6452,20421,20421_00000850-0016-8729-2420-F8F005C1B438,20421_00000863-0016-8861-8996-F8F005C1B438,,1
6456,20427,20427_00000289-0016-7472-5466-F8F005C20BB2,20427_00000290-0016-7515-8030-F8F005C20BB2,,1
6470,20442,20442_00000089-0016-7471-0515-F8F005C21302,20442_00000265-0016-8923-0857-F8F005C21302,,1
6474,20448,20448_00000938-0016-7756-3970-F8F005C1C686,20448_00000998-0016-8196-6225-F8F005C1C686,,1
6480,20455,20455_00002170-0016-7313-6125-F8F005C19B09,20455_00002510-0016-8220-2815-F8F005C19B09,,1
6485,20461,20461_00000357-0016-7437-4084-F8F005C1FFAE,20461_00000669-0016-8913-5545-F8F005C1FFAE,,1
6502,20491,20491_00000012-0016-7996-2888-F8F005C220EE,20491_00000014-0016-8174-5146-F8F005C220EE,,1
6562,20631,20631_00001042-0016-8342-4745-F8F005C1F6C8,20631_00001121-0016-8947-5656-F8F005C1F6C8,,1
6587,2073,2073_00001577-0016-4452-8589-F8F005C1CA16,2073_00002613-0016-8962-1559-F8F005C1CA16,,1
6597,20870,20870_00001442-0016-8749-4162-F8F005C210E9,20870_00001489-0016-8963-3003-F8F005C210E9,,1
6656,20988,20988_00000146-0016-8061-0175-F8F005C219E1,20988_00000347-0016-8839-1126-F8F005C21554,,1
6688,21192,21192_00000019-0016-8402-9749-F8F005C21609,21192_00000050-0016-8683-8364-F8F005C21609,,1
6729,21351,21351_00000406-0016-8881-5042-F8F00529AA91,21351_00000420-0016-8949-5738-F8F00529AA91,,1
6745,2149,2149_2020-05-09 20:00:00,2149_2020-05-21 20:00:00,,1
6748,2157,2157_2020-05-22 06:00:00,2157_2020-06-12 03:00:00,,1
6749,2158,2158_00000282-0016-6742-7896-F8F005C1D859,2158_00000378-0016-8811-2067-F8F005C1D859,,1
6769,2215,2215_2020-06-02 21:00:00,2215_00002554-0016-8939-7631-F8F005C1D866,,1
6793,2262,2262_00000624-0016-4241-8655-F8F005C1C7B5,2262_00001039-0016-8930-9280-F8F005C1C7B5,,1
6815,2305,2305_00001396-0016-3388-3299-F8F005C1C5A8,2305_00002219-0016-8175-6352-F8F005C1C5A8,,1
6821,2316,2316_00000746-0016-0633-7455-F8F005C1C606,2316_00001115-0016-2248-2189-F8F005C1C606,,1
6853,2374,2374_2020-05-08 21:00:00,2374_2020-05-17 10:00:00,,1
6884,2447,2447_00000100-0016-6477-8554-F8F005C1C476,2447_00000631-0016-8962-2548-F8F005C1C476,,1
6888,2459,2459_00000136-0016-0914-8391-F8F005C1F6FB,2459_00000257-0016-1527-2856-F8F005C1F6FB,,1
6951,2583,2583_00000771-0016-4792-5794-F8F005C1F8B1,2583_00001434-0016-8949-5251-F8F005C1F8B1,,1
7024,2718,2718_00000818-0016-1384-5709-F8F005C1C64C,2718_00000849-0016-1518-9633-F8F005C1C64C,,1
7085,2827,2827_2020-05-19 13:00:00,2827_2020-06-12 21:00:00,,1
7086,2829,2829_00000110-0016-0650-6676-F8F005C1C750,2829_00000157-0016-2236-5945-F8F005C1C750,,1
7088,2833,2833_00000606-0016-3367-3691-F8F005C1C4B4,2833_00001266-0016-8949-4600-F8F005C1C4B4,,1
7091,2839,2839_2020-06-06 19:00:00,2839_2020-06-11 09:00:00,,1
7093,2841,2841_00000370-0016-3363-3304-F8F005C210BB,2841_00001565-0016-8956-9857-F8F005C210BB,,1
7112,2887,2887_00001957-0016-8427-0405-F8F005C1C3E7,2887_00002021-0016-8931-0439-F8F005C1C3E7,,1
7116,2892,2892_00000699-0016-3380-8235-F8F005C1C801,2892_00000797-0016-4539-2848-F8F005C1C801,,1
7135,2928,2928_00000596-0016-4354-9883-F8F005C1C9EB,2928_00000962-0016-8508-4241-F8F005C1C9EB,,1
7172,3016,3016_2020-05-19 10:00:00,3016_00000612-0016-1406-8310-F8F005C1C742,,1
7177,3029,3029_00000324-0016-0551-1763-F8F005C1C678,3029_00000380-0016-1898-2481-F8F005C1C678,,1
7212,3104,3104_00001095-0016-5897-9140-F8F005C1C6EB,3104_00001366-0016-8950-0201-F8F005C1C6EB,,1
7215,3115,3115_00000195-0016-3697-5239-F8F005C1C65C,3115_00000096-0016-8925-3864-F8F00528B86C,,1
7220,3126,3126_2020-05-19 06:00:00,3126_2020-06-10 05:00:00,,1
7237,3173,3173_00000532-0016-1818-7784-F8F005C2054B,3173_00000620-0016-2251-0862-F8F005C2054B,,1
7238,3174,3174_2020-05-23 05:00:00,3174_2020-06-16 03:00:00,,1
7259,3225,3225_2020-05-19 01:00:00,3225_2020-05-19 15:00:00,,1
7329,3355,3355_00000716-0016-0977-4070-F8F005C20792,3355_00002191-0016-7526-2112-F8F005C20792,,1
7383,3486,3486_00000198-0016-0978-2910-F8F005C1FA19,3486_00001850-0016-8961-0435-F8F005C20627,,1
7391,3506,3506_00000518-0016-1382-0546-F8F005C20728,3506_00000973-0016-6478-6712-F8F005C20728,,1
7401,3527,3527_00001204-0016-3991-8004-F8F005C1FDA5,3527_00000411-0016-8962-7969-F8F005C3AE8C,,1
7402,3528,3528_2020-05-11 03:00:00,3528_2020-05-26 08:00:00,,1
7403,3529,3529_2020-05-10 01:00:00,3529_2020-06-02 01:00:00,,1
7406,3533,3533_00000589-0016-0637-9556-F8F005C20777,3533_00000879-0016-2125-2536-F8F005C20777,,1
7408,3536,3536_00000758-0016-1940-3348-F8F005C205B6,3536_00000203-0016-7911-0150-F8F005C21D79,,1
7412,3543,3543_00002209-0016-8834-2993-F8F005C1FBA9,3543_00002235-0016-8955-5841-F8F005C1FBA9,,1
7419,3558,3558_00001459-0016-4591-4899-F8F005C1F957,3558_00003122-0016-8960-0667-F8F005C1F957,,1
7422,3565,3565_00000234-0016-3961-8965-F8F005C1F83B,3565_00000034-0016-8722-7061-F8F005C21862,,1
7437,3602,3602_00001408-0016-5007-4130-F8F005C1F818,3602_00000203-0016-8926-0010-F8F005C21B2E,,1
7449,3626,3626_00001299-0016-5214-0240-F8F005C20929,3626_00001204-0016-8134-3862-F8F005C1FDCA,,1
7451,3629,3629_00001684-0016-7811-3204-F8F005C2077F,3629_00001890-0016-8856-4853-F8F005C2077F,,1
7456,3637,3637_00000523-0016-1314-0934-F8F005C1F925,3637_00001806-0016-8926-4386-F8F005C1F925,,1
7458,3640,3640_00000604-0016-1257-0688-F8F005C206A2,3640_00001949-0016-7682-2809-F8F005C206A2,,1
7461,3647,3647_2020-05-10 11:00:00,3647_00000279-0016-1158-6065-F8F005C2062D,,1
7524,3769,3769_00000544-0016-0789-7557-F8F005C1F930,3769_00001997-0016-8014-2488-F8F005C1F930,,1
7528,3773,3773_00000471-0016-0491-1344-F8F005C2084A,3773_00000968-0016-2921-0437-F8F005C2084A,,1
7538,3797,3797_2020-05-11 06:00:00,3797_2020-05-31 16:00:00,,1
7542,3803,3803_2020-05-20 11:00:00,3803_2020-05-31 09:00:00,,1
7546,3808,3808_2020-05-14 18:00:00,3808_2020-05-20 03:00:00,,1
7551,3823,3823_00000523-0016-2186-2714-F8F005C1F837,3823_00001807-0016-8847-8425-F8F005C1F837,,1
7607,3960,3960_2020-05-22 13:00:00,3960_2020-05-30 12:00:00,,1
7620,3996,3996_00000716-0016-3382-6281-F8F00528B1B8,3996_00001204-0016-6160-3743-F8F005C1FD4F,,1
7626,4018,4018_2020-05-31 14:00:00,4018_2020-06-13 08:00:00,,1
7627,4021,4021_00000277-0016-6247-1756-F8F005C1FB48,4021_00000014-0016-7514-6585-F8F005C3C8FC,,1
7629,4025,4025_2020-05-13 14:00:00,4025_2020-05-26 15:00:00,,1
7632,4029,4029_00000685-0016-8050-4190-F8F005C1CA3C,4029_00000725-0016-8908-9379-F8F005C1CA3C,,1
7634,4034,4034_00000345-0016-1484-1469-F8F005C1D7BE,4034_00000347-0016-1515-5310-F8F005C1D7BE,,1
7638,4043,4043_00000626-0016-3049-7905-F8F005C1F912,4043_00000632-0016-3123-5128-F8F005C1F912,,1
7642,4051,4051_00001232-0016-4827-7299-F8F005C20949,4051_00001375-0016-8861-2934-F8F005C1FDB8,,1
7645,4055,4055_00000159-0016-0426-5113-F8F005C1FB6B,4055_00000210-0016-0884-9889-F8F005C1FB6B,,1
7646,4056,4056_2020-05-26 14:00:00,4056_2020-05-29 00:00:00,,1
7655,4077,4077_00000635-0016-6177-8182-F8F005C1FBA1,4077_00000755-0016-8488-0161-F8F005C1FBA1,,1
7659,4083,4083_2020-05-16 15:00:00,4083_00000757-0016-1206-8706-F8F005C20857,,1
7660,4086,4086_00001826-0016-7551-8368-F8F005C208C2,4086_00002085-0016-8948-0445-F8F005C208C2,,1
7668,4106,4106_00000621-0016-0878-3854-F8F005C1FC3C,4106_00000449-0016-1304-6974-F8F005C1F78A,,1
7672,4115,4115_00000623-0016-1071-0141-F8F005C207CE,4115_00000833-0016-2052-6431-F8F005C207CE,,1
7674,4123,4123_00000778-0016-3534-7902-F8F005C205D3,4123_00000417-0016-6705-9234-F8F005C1FAF5,,1
7679,4134,4134_00000082-0016-3011-7811-F8F005C1B75E,4134_00000999-0016-8942-7886-F8F005C1B75E,,1
7681,4137,4137_00000686-0016-0907-6516-F8F005C1D7AA,4137_00001120-0016-3291-3573-F8F005C1D7AA,,1
7684,4147,4147_00000115-0016-1262-4887-F8F005C2069C,4147_00000160-0016-3227-3253-F8F005C2069C,,1
7685,4148,4148_00001054-0016-3071-2487-F8F005C20688,4148_00001422-0016-4743-7369-F8F005C20688,,1
7692,4163,4163_00001308-0016-4415-1634-F8F005C20526,4163_00002103-0016-8959-9094-F8F005C20526,,1
7694,4169,4169_00000859-0016-7361-5432-F8F005C20931,4169_00000071-0016-8048-4929-F8F005C2153A,,1
7698,4178,4178_00000677-0016-1304-8348-F8F005C206D8,4178_00001374-0016-5936-3089-F8F005C1FA1C,,1
7709,4223,4223_2020-05-31 14:00:00,4223_2020-06-03 15:00:00,,1
7710,4224,4224_00000652-0016-0706-4842-F8F005C1FB09,4224_00001003-0016-2259-7542-F8F005C1FB09,,1
7711,4226,4226_00000124-0016-0417-8199-F8F005C206F3,4226_00000266-0016-1119-3719-F8F005C206F3,,1
7716,4236,4236_00000271-0016-0991-8139-F8F005C1FA0D,4236_00000291-0016-1158-7198-F8F005C1FA0D,,1
7719,4240,4240_2020-05-10 14:00:00,4240_2020-05-29 00:00:00,,1
7721,4244,4244_00000478-0016-1395-0601-F8F005C1FAE6,4244_00000520-0016-2259-1688-F8F005C1FAE6,,1
7726,4272,4272_00000279-0016-0781-4636-F8F005C206BA,4272_00000474-0016-3301-0827-F8F005C2064C,,1
7730,4279,4279_2020-05-30 00:00:00,4279_2020-05-30 15:00:00,,1
7738,4299,4299_00000429-0016-0864-5253-F8F005C206CB,4299_00001130-0016-7396-8273-F8F005C2079E,,1
7739,4303,4303_00001115-0016-7624-6518-F8F005C1F9AF,4303_00001155-0016-8903-4445-F8F005C1F9AF,,1
7745,4321,4321_00000357-0016-0769-8030-F8F005C207D1,4321_00001318-0016-8959-7585-F8F005C1F9E9,,1
7746,4322,4322_00000285-0016-0777-7484-F8F005C2099B,4322_00000321-0016-1033-6075-F8F005C2099B,,1
7758,4353,4353_00000534-0016-2984-8985-F8F005C1FA0B,4353_00000558-0016-3766-6591-F8F005C1FA0B,,1
7765,4367,4367_00000327-0016-0784-8386-F8F005C1F8BA,4367_00000584-0016-0873-6173-F8F005C1F9B1,,1
7770,4373,4373_00001414-0016-6993-9152-F8F005C2060D,4373_00000163-0016-8785-8463-F8F005C201DB,,1
7773,4380,4380_00000459-0016-7499-9697-F8F005C205A8,4380_00000485-0016-8839-7074-F8F005C205A8,,1
7788,4412,4412_00001232-0016-7523-9645-F8F005C1FAFA,4412_00001242-0016-7879-5766-F8F005C1FAFA,,1
7792,4420,4420_00000308-0016-0832-2744-F8F005C208E7,4420_00000310-0016-0881-2356-F8F005C208E7,,1
7805,4447,4447_00000561-0016-2241-8369-F8F005C2058C,4447_00000564-0016-2259-2218-F8F005C2058C,,1
7808,4450,4450_00000160-0016-0665-4448-F8F005C1F8B4,4450_00000288-0016-4523-1025-F8F005C1F8B4,,1
7810,4454,4454_00001345-0016-4343-7971-F8F005C1F6D1,4454_00000130-0016-7067-3233-F8F005C21D79,,1
7817,4475,4475_00000340-0016-1027-9831-F8F005C2058A,4475_00000362-0016-1138-0030-F8F005C2058A,,1
7818,4478,4478_00000101-0016-0365-5841-F8F005C20731,4478_00000448-0016-4920-0343-F8F005C209BB,,1
7819,4479,4479_00000384-0016-3848-6434-F8F005C20833,4479_00000435-0016-7279-2620-F8F005C20833,,1
7826,4493,4493_00001006-0016-2965-4143-F8F005C207D2,4493_00001652-0016-8088-5898-F8F005C207D2,,1
7833,4517,4517_2020-05-07 15:00:00,4517_2020-05-27 04:00:00,,1
7834,4520,4520_2020-05-29 01:00:00,4520_2020-05-30 14:00:00,,1
7835,4523,4523_00000298-0016-1234-3868-F8F005C1F9A7,4523_00000649-0016-6618-7530-F8F005C1F8AF,,1
7837,4529,4529_00000244-0016-1919-4804-F8F005C1B8AA,4529_00000859-0016-8790-7904-F8F005C1B8AA,,1
7839,4534,4534_2020-05-08 10:00:00,4534_2020-06-14 13:00:00,,1
7841,4541,4541_00000513-0016-2014-5120-F8F005C20311,4541_00000609-0016-4124-4063-F8F005C20311,,1
7843,4547,4547_2020-05-22 06:00:00,4547_2020-06-15 05:00:00,,1
7847,4555,4555_2020-05-08 08:00:00,4555_00000735-0016-4930-5302-F8F005C1B458,,1
7849,4561,4561_2020-06-08 10:00:00,4561_2020-06-17 08:00:00,,1
7852,4576,4576_00000866-0016-1443-6399-F8F005C211A3,4576_00002380-0016-8199-7481-F8F005C211A3,,1
7855,4585,4585_2020-05-12 04:00:00,4585_2020-06-11 08:00:00,,1
7860,4597,4597_2020-05-18 17:00:00,4597_2020-06-16 04:00:00,,1
7861,4600,4600_2020-06-01 21:00:00,4600_2020-06-04 20:00:00,,1
7870,4615,4615_00000827-0016-1925-0791-F8F005C1B66C,4615_00000839-0016-1977-0511-F8F005C1B66C,,1
7872,4618,4618_2020-05-08 18:00:00,4618_2020-05-28 19:00:00,,1
7878,4636,4636_00000204-0016-1935-9383-F8F005C1FF9B,4636_00000213-0016-2237-7535-F8F005C1FF9B,,1
7880,4639,4639_2020-05-25 19:00:00,4639_00000744-0016-5610-7954-F8F005C20F33,,1
7886,4650,4650_2020-05-23 06:00:00,4650_00000365-0016-0438-5715-F8F005C1CC87,,1
7895,4682,4682_2020-06-16 11:00:00,4682_00000167-0016-0716-9112-F8F005C1F761,,1
7896,4683,4683_00001039-0016-2252-6073-F8F005C1FEF0,4683_00000683-0016-5665-8291-F8F005C1B4CD,,1
7899,4686,4686_2020-05-24 21:00:00,4686_2020-05-29 08:00:00,,1
7905,4705,4705_00000238-0016-0585-8511-F8F005C1A5ED,4705_00000248-0016-0792-9547-F8F005C1A5ED,,1
7914,4728,4728_2020-05-28 05:00:00,4728_2020-05-28 20:00:00,,1
7915,4729,4729_2020-05-11 07:00:00,4729_00001184-0016-4383-3537-F8F005C20D20,,1
7917,4733,4733_2020-05-26 22:00:00,4733_00000269-0016-3100-5490-F8F005C1CC03,,1
7918,4735,4735_00001315-0016-5592-8298-F8F005C20BE9,4735_00001583-0016-8262-5184-F8F005C20BE9,,1
7922,4746,4746_00000616-0016-1212-2897-F8F005C2096E,4746_00000648-0016-1583-3672-F8F005C2096E,,1
7923,4748,4748_2020-05-31 08:00:00,4748_2020-06-09 05:00:00,,1
7924,4756,4756_00000615-0016-0495-0147-F8F005C202BB,4756_00002046-0016-7509-9769-F8F005C202BB,,1
7926,4758,4758_00000601-0016-0746-5561-F8F005C1F510,4758_00001884-0016-8902-0749-F8F005C1F510,,1
7928,4761,4761_00002178-0016-7444-5148-F8F005C20EC9,4761_00002501-0016-8949-3973-F8F005C20EC9,,1
7932,4774,4774_2020-05-10 06:00:00,4774_2020-05-25 05:00:00,,1
7933,4776,4776_2020-05-11 20:00:00,4776_00000274-0016-0647-0561-F8F005C1FF1B,,1
7934,4779,4779_00000785-0016-1043-4526-F8F005C1FBEE,4779_00002610-0016-8957-2932-F8F005C1FBEE,,1
7937,4790,4790_2020-05-20 06:00:00,4790_2020-05-26 09:00:00,,1
7944,4806,4806_00000355-0016-0525-2997-F8F005C1CB69,4806_00000499-0016-2236-5283-F8F005C1CB69,,1
7948,4811,4811_00000803-0016-1290-4752-F8F005C1CC6F,4811_00000583-0016-8923-9945-F8F005C21380,,1
7952,4826,4826_2020-05-16 06:00:00,4826_2020-06-12 05:00:00,,1
7963,4844,4844_00001083-0016-3233-6151-F8F005C1FB16,4844_00001720-0016-8164-2757-F8F005C1FB16,,1
7969,4860,4860_00000708-0016-1900-3978-F8F005C209DF,4860_00001730-0016-8942-4020-F8F005C209DF,,1
7972,4866,4866_2020-06-15 07:00:00,4866_00001135-0016-8824-7999-F8F005C1F554,,1
7973,4867,4867_00000262-0016-0837-4428-F8F005C1B4B9,4867_00000299-0016-2124-9548-F8F005C1B4B9,,1
7978,4883,4883_2020-05-26 11:00:00,4883_2020-06-11 21:00:00,,1
7979,4884,4884_2020-05-11 03:00:00,4884_00001367-0016-8949-4800-F8F005C1FAD5,,1
7987,4902,4902_2020-05-11 06:00:00,4902_2020-05-16 20:00:00,,1
7989,4905,4905_00000485-0016-5811-9512-F8F005C1D1B8,4905_00000661-0016-8910-5771-F8F005C1D1B8,,1
7992,4913,4913_2020-05-16 08:00:00,4913_00001332-0016-4689-3456-F8F005C1FB9A,,1
7999,4931,4931_2020-05-20 06:00:00,4931_2020-05-28 04:00:00,,1
8001,4935,4935_2020-05-13 07:00:00,4935_2020-06-15 06:00:00,,1
8020,4987,4987_00001229-0016-6935-5244-F8F005C1B49D,4987_00001410-0016-8940-2174-F8F005C1B49D,,1
8029,5003,5003_2020-06-14 06:00:00,5003_00000515-0016-0734-6884-F8F005C20DDA,,1
8033,5012,5012_00000673-0016-0703-5543-F8F005C20770,5012_00001935-0016-7705-7287-F8F005C20770,,1
8034,5017,5017_00000630-0016-0951-0536-F8F005C20679,5017_00000895-0016-4409-3356-F8F005C20679,,1
8035,5024,5024_00000075-0016-1175-6503-F8F005C1FF8A,5024_00000155-0016-4334-7949-F8F005C1FF8A,,1
8037,5032,5032_00000271-0016-3679-4086-F8F005C1CAFD,5032_00000296-0016-4754-1499-F8F005C1CAFD,,1
8043,5043,5043_2020-05-26 21:00:00,5043_2020-05-28 04:00:00,,1
8059,5078,5078_00001476-0016-5281-6013-F8F005C1B613,5078_00001767-0016-8931-0418-F8F005C1B613,,1
8060,5079,5079_2020-05-16 23:00:00,5079_2020-06-12 21:00:00,,1
8067,5091,5091_00000046-0016-0629-0192-F8F005C1B81C,5091_00000080-0016-1247-3324-F8F005C1B81C,,1
8072,5100,5100_00000686-0016-0772-1063-F8F00529AA7C,5100_00001028-0016-3039-1749-F8F005C1E7B1,,1
8082,5128,5128_2020-06-17 08:00:00,5128_00000587-0016-1078-7999-F8F005C1A9E6,,1
8090,5149,5149_2020-06-09 04:00:00,5149_00000401-0016-0792-6379-F8F005C21119,,1
8093,5156,5156_00000913-0016-1906-5821-F8F005C1F581,5156_00002251-0016-8948-6050-F8F005C1F581,,1
8108,5180,5180_2020-05-25 20:00:00,5180_2020-05-28 19:00:00,,1
8111,5187,5187_2020-06-12 04:00:00,5187_2020-06-16 17:00:00,,1
8114,5192,5192_00000650-0016-4759-2140-F8F005C1B788,5192_00001447-0016-8940-4694-F8F005C1B788,,1
8118,5198,5198_00001096-0016-3579-9002-F8F005C1CC10,5198_00001099-0016-3594-1061-F8F005C1CC10,,1
8124,5213,5213_2020-06-02 19:00:00,5213_2020-06-15 18:00:00,,1
8137,5231,5231_2020-05-12 20:00:00,5231_2020-06-16 19:00:00,,1
8156,5276,5276_2020-05-19 10:00:00,5276_00000284-0016-1921-0322-F8F005C1CC5C,,1
8158,5279,5279_00000239-0016-3760-9090-F8F005C214AC,5279_00000333-0016-8933-0829-F8F005C214AC,,1
8193,5357,5357_00000858-0016-1388-8260-F8F005C1F6DF,5357_00002534-0016-8962-0888-F8F005C1F6DF,,1
8205,5387,5387_2020-06-08 01:00:00,5387_00000159-0016-0573-7747-F8F005C1F63A,,1
8210,5397,5397_00001159-0016-2927-1204-F8F005C21458,5397_00001326-0016-4400-1474-F8F005C21458,,1
8223,5421,5421_2020-06-05 08:00:00,5421_2020-06-17 02:00:00,,1
8225,5423,5423_00000149-0016-0701-7234-F8F005C212B4,5423_00000246-0016-4809-9594-F8F005C212B4,,1
8226,5424,5424_2020-05-20 07:00:00,5424_2020-06-16 07:00:00,,1
8231,5435,5435_00000408-0016-1005-2415-F8F005C1B869,5435_00000955-0016-8785-5814-F8F005C1B869,,1
8235,5445,5445_00001578-0016-6694-3326-F8F005C1F8A3,5445_00002025-0016-8962-5827-F8F005C1F8A3,,1
8237,5451,5451_00000236-0016-0862-1243-F8F00529AA64,5451_00000243-0016-0960-3965-F8F00529AA64,,1
8239,5456,5456_2020-05-14 05:00:00,5456_2020-06-15 20:00:00,,1
8241,5458,5458_00000100-0016-0779-7298-F8F005C1FA53,5458_00000192-0016-8599-5635-F8F005C1FA53,,1
8248,5475,5475_2020-05-19 18:00:00,5475_00000175-0016-0371-4410-F8F005C20A35,,1
8251,5485,5485_00000028-0016-0473-5435-F8F005C1F6B4,5485_00000101-0016-1027-0620-F8F005C1F6B4,,1
8260,5499,5499_00000313-0016-0765-1847-F8F005C1B423,5499_00000553-0016-8953-5895-F8F005C1B423,,1
8263,5503,5503_00001056-0016-8805-9201-F8F005C1FF2E,5503_00001060-0016-8893-7699-F8F005C1FF2E,,1
8271,5522,5522_2020-05-15 07:00:00,5522_2020-06-14 13:00:00,,1
8274,5526,5526_00002514-0016-7874-4800-F8F005C1B60F,5526_00000578-0016-8952-3754-F8F005C1F848,,1
8294,5587,5587_2020-06-04 17:00:00,5587_2020-06-16 05:00:00,,1
8349,5720,5720_00001344-0016-4248-4614-F8F005C20DDD,5720_00002214-0016-8961-3751-F8F005C20DDD,,1
8357,5743,5743_2020-05-28 06:00:00,5743_2020-06-15 20:00:00,,1
8371,5782,5782_2020-06-07 18:00:00,5782_00000597-0016-1561-8776-F8F005C20C39,,1
8376,5799,5799_2020-05-26 06:00:00,5799_2020-06-10 20:00:00,,1
8378,5801,5801_2020-05-12 18:00:00,5801_2020-06-16 18:00:00,,1
8380,5803,5803_2020-05-22 12:00:00,5803_00001682-0016-6170-8632-F8F00529C20A,,1
8386,5821,5821_2020-05-12 04:00:00,5821_2020-05-14 04:00:00,,1
8392,5830,5830_00000903-0016-1785-2376-F8F00529AA8B,5830_00002337-0016-8961-0291-F8F00529AA8B,,1
8400,5842,5842_00000660-0016-1250-5092-F8F005C1F985,5842_00000935-0016-2965-6711-F8F005C1F985,,1
8401,5843,5843_00000852-0016-3945-5215-F8F005C1B538,5843_00000915-0016-4568-3005-F8F005C1B538,,1
8405,5850,5850_00000624-0016-7330-0107-F8F005C20FEF,5850_00000676-0016-8885-3552-F8F005C20FEF,,1
8413,5864,5864_00000667-0016-1389-2489-F8F005C1FF50,5864_00001547-0016-8118-6927-F8F005C1FF50,,1
8414,5868,5868_00000017-0016-6547-4196-F8F005C1C800,5868_00000041-0016-7368-7557-F8F005C1C800,,1
8415,5872,5872_2020-05-20 05:00:00,5872_2020-06-02 19:00:00,,1
8428,5898,5898_2020-06-03 22:00:00,5898_2020-06-12 07:00:00,,1
8429,5899,5899_2020-05-13 20:00:00,5899_2020-06-14 21:00:00,,1
8431,5908,5908_00001468-0016-6853-1208-F8F005C1CB5C,5908_00001246-0016-8953-1876-F8F005C20FC1,,1
8457,5978,5978_2020-05-17 08:00:00,5978_00001492-0016-8953-7377-F8F005C1F861,,1
8458,5982,5982_2020-06-08 19:00:00,5982_00001381-0016-4988-2738-F8F005C20DE5,,1
8468,6008,6008_2020-05-19 06:00:00,6008_2020-06-15 05:00:00,,1
8470,6011,6011_00000622-0016-7429-8089-F8F005C20B42,6011_00000647-0016-8499-8769-F8F005C20B42,,1
8472,6014,6014_00002195-0016-7615-6096-F8F005C1B835,6014_00002482-0016-8928-2543-F8F005C1B835,,1
8476,6027,6027_00000668-0016-1855-6991-F8F005C20874,6027_00001222-0016-8689-1691-F8F005C20874,,1
8492,6070,6070_2020-05-17 21:00:00,6070_2020-05-21 20:00:00,,1
8497,6084,6084_00001552-0016-6803-4773-F8F005C1F6D6,6084_00000156-0016-8962-8224-F8F005C21369,,1
8498,6086,6086_2020-05-20 20:00:00,6086_00000509-0016-4141-3284-F8F005C1F60E,,1
8503,6097,6097_00000520-0016-0568-3954-F8F005C2121A,6097_00000575-0016-1462-5647-F8F005C2121A,,1
8504,6098,6098_00001648-0016-5904-7379-F8F005C1FBBB,6098_00002193-0016-8961-1835-F8F005C1FBBB,,1
8507,6103,6103_00000621-0016-0963-0551-F8F005C1B63B,6103_00000818-0016-3695-5217-F8F005C1B63B,,1
8516,6117,6117_2020-05-07 21:00:00,6117_00000576-0016-0859-0014-F8F005C1F6E8,,1
8520,6131,6131_00000693-0016-3838-7275-F8F005C1B610,6131_00000889-0016-5626-9527-F8F005C1B610,,1
8527,6143,6143_00000490-0016-0681-0616-F8F00529AA73,6143_00001193-0016-8939-8723-F8F005C1B655,,1
8528,6144,6144_00000208-0016-0366-0368-F8F005C1FAB2,6144_00001067-0016-8809-1685-F8F005C1FAB2,,1
8530,6146,6146_2020-06-03 04:00:00,6146_2020-06-16 04:00:00,,1
8531,6147,6147_00000148-0016-0551-1880-F8F005C2128D,6147_00000149-0016-0559-9909-F8F005C2128D,,1
8545,618,618_00001357-0016-2925-2140-F8F00528AC17,618_00000365-0016-8948-8085-F8F00528B923,,1
8553,6199,6199_2020-05-30 17:00:00,6199_2020-06-10 16:00:00,,1
8556,6204,6204_00001409-0016-4478-5677-F8F005C1B511,6204_00002357-0016-8958-0772-F8F005C1B511,,1
8558,621,621_00002546-0016-5895-3968-F8F00528AE1E,621_00003213-0016-8913-4878-F8F00528AE1E,,1
8562,6218,6218_2020-06-15 04:00:00,6218_00000607-0016-0524-8718-F8F005C1B88C,,1
8565,6221,6221_2020-06-13 09:00:00,6221_00001556-0016-8940-9945-F8F005C1FAE7,,1
8570,6232,6232_00000859-0016-6997-4724-F8F005C1CC48,6232_00001017-0016-8896-5456-F8F005C1CC48,,1
8581,6246,6246_2020-05-18 19:00:00,6246_00002125-0016-7618-6650-F8F005C1FFA3,,1
8582,6249,6249_00000016-0016-1441-1318-F8F005C2056E,6249_00000023-0016-1973-5212-F8F005C2056E,,1
8596,6271,6271_2020-05-11 03:00:00,6271_2020-06-16 18:00:00,,1
8605,6294,6294_2020-05-13 17:00:00,6294_2020-06-16 17:00:00,,1
8608,6302,6302_00000827-0016-1161-1346-F8F005C20A59,6302_00001617-0016-7678-9727-F8F00528B292,,1
8609,6303,6303_00000548-0016-0438-9660-F8F005C1F883,6303_00000765-0016-1527-1725-F8F005C1F883,,1
8610,631,631_00002009-0016-5311-1874-F8F00528B3E6,631_00002830-0016-8949-3934-F8F00528B3E6,,1
8614,6316,6316_00000864-0016-4043-3873-F8F005C1FD56,6316_00001127-0016-8880-8038-F8F005C1FD56,,1
8618,6324,6324_00000541-0016-1183-4480-F8F005C1C85F,6324_00000575-0016-1606-1126-F8F005C1C85F,,1
8628,6339,6339_00001456-0016-3801-4611-F8F005C21131,6339_00003439-0016-8957-3633-F8F005C21131,,1
8633,6350,6350_00001445-0016-3845-1672-F8F005C2035C,6350_00002591-0016-8962-1037-F8F005C2035C,,1
8636,6355,6355_00000246-0016-0940-9944-F8F005C1F940,6355_00000276-0016-1526-8472-F8F005C1F940,,1
8639,6359,6359_2020-05-11 19:00:00,6359_00000865-0016-1518-1965-F8F005C21309,,1
8642,6367,6367_00000368-0016-0539-2326-F8F005C1F596,6367_00001088-0016-8783-9059-F8F005C1C9AB,,1
8644,637,637_00002815-0016-8164-2184-F8F00528B25A,637_00002957-0016-8953-3848-F8F00528B25A,,1
8647,6372,6372_2020-05-30 05:00:00,6372_00001177-0016-3781-4801-F8F005C1FF69,,1
8648,6374,6374_2020-06-08 17:00:00,6374_2020-06-11 20:00:00,,1
8652,638,638_00001516-0016-8154-0305-F8F00528BD8D,638_00001559-0016-8582-2797-F8F00528BD8D,,1
8655,6388,6388_2020-06-08 08:00:00,6388_00000246-0016-0680-6700-F8F005C20769,,1
8664,6412,6412_2020-05-12 04:00:00,6412_2020-06-14 08:00:00,,1
8668,6426,6426_00001089-0016-3190-8890-F8F005C1F8ED,6426_00002754-0016-8954-0760-F8F005C1F8ED,,1
8672,6433,6433_00001870-0016-6650-7882-F8F005C1C759,6433_00002258-0016-8887-9800-F8F005C1C759,,1
8687,6460,6460_2020-05-16 03:00:00,6460_2020-06-16 02:00:00,,1
8688,6462,6462_00001257-0016-4417-9088-F8F00528B3FA,6462_00001348-0016-6784-1442-F8F00528B3FA,,1
8694,6471,6471_00001519-0016-5428-9911-F8F00529C1FB,6471_00002085-0016-8956-7938-F8F00529C1FB,,1
8700,6491,6491_2020-06-05 22:00:00,6491_2020-06-15 20:00:00,,1
8701,6494,6494_2020-05-09 19:00:00,6494_2020-05-20 15:00:00,,1
8703,6496,6496_00000604-0016-5937-9399-F8F005C2067C,6496_00000722-0016-8900-8561-F8F005C2067C,,1
8714,6519,6519_00000651-0016-4671-8414-F8F005C20962,6519_00000666-0016-4870-3133-F8F005C20962,,1
8717,6522,6522_2020-06-03 20:00:00,6522_2020-06-15 21:00:00,,1
8731,6543,6543_2020-05-12 06:00:00,6543_2020-06-16 08:00:00,,1
8735,6551,6551_2020-05-27 07:00:00,6551_00001751-0016-6123-0707-F8F005C20D40,,1
8744,6572,6572_2020-05-27 20:00:00,6572_00002464-0016-8954-0432-F8F005C1B4F3,,1
8749,6579,6579_00000064-0016-1411-0392-F8F00529C1F8,6579_00001586-0016-8872-8034-F8F00529C1F8,,1
8754,659,659_00000613-0016-5691-3055-F8F00528AB0F,659_00000632-0016-5908-2029-F8F00528AB0F,,1
8756,6593,6593_2020-06-14 08:00:00,6593_00000285-0016-0423-7167-F8F005C1FA5D,,1
8757,6596,6596_2020-05-07 19:00:00,6596_2020-06-05 18:00:00,,1
8763,6607,6607_00000281-0016-0386-4704-F8F005C1FA8B,6607_00000354-0016-3228-3617-F8F005C1FA8B,,1
8766,6615,6615_00001167-0016-4116-3332-F8F005C20392,6615_00001744-0016-8948-8207-F8F005C20392,,1
8768,6619,6619_2020-06-14 06:00:00,6619_2020-06-16 04:00:00,,1
8772,6625,6625_2020-05-25 05:00:00,6625_2020-06-15 13:00:00,,1
8777,6631,6631_2020-06-06 07:00:00,6631_2020-06-17 04:00:00,,1
8780,6645,6645_00000315-0016-0534-2097-F8F005C1F634,6645_00000331-0016-0692-5770-F8F005C1F634,,1
8786,6657,6657_00000474-0016-1066-2574-F8F005C20E47,6657_00000636-0016-2070-8757-F8F005C20E47,,1
8792,667,667_2020-06-02 20:00:00,667_2020-06-16 19:00:00,,1
8801,6682,6682_00000563-0016-0927-1651-F8F005C1B521,6682_00001549-0016-8913-7350-F8F005C1B521,,1
8806,6694,6694_2020-06-02 13:00:00,6694_00000448-0016-1441-8419-F8F005C1B70E,,1
8816,6706,6706_00001026-0016-3452-8932-F8F005C1D5B3,6706_00002269-0016-8957-2451-F8F005C1D5B3,,1
8821,6712,6712_00000386-0016-0400-6849-F8F005C1CDA0,6712_00000492-0016-2122-6721-F8F005C1CDA0,,1
8824,6720,6720_00000878-0016-1492-3731-F8F005C20F20,6720_00000887-0016-1532-6546-F8F005C20F20,,1
8827,6727,6727_00001589-0016-5268-0545-F8F005C1C94E,6727_00002400-0016-8948-9014-F8F005C1C94E,,1
8833,6737,6737_00000613-0016-0642-2638-F8F005C20AAF,6737_00001035-0016-2936-5301-F8F005C20AAF,,1
8835,6742,6742_2020-05-21 17:00:00,6742_00000865-0016-2208-8400-F8F005C20235,,1
8841,6750,6750_2020-05-13 10:00:00,6750_2020-05-28 05:00:00,,1
8852,6766,6766_00001231-0016-5281-5704-F8F005C1D830,6766_00001806-0016-8949-8286-F8F005C1D830,,1
8854,6770,6770_2020-05-23 20:00:00,6770_2020-06-01 18:00:00,,1
8863,6784,6784_2020-05-13 18:00:00,6784_2020-05-26 08:00:00,,1
8867,6791,6791_00000546-0016-0931-2235-F8F005C2114A,6791_00001094-0016-5656-3090-F8F005C2114A,,1
8888,6839,6839_00000218-0016-7730-9826-F8F005C1F5F9,6839_00000409-0016-8962-5677-F8F005C1F5F9,,1
8898,6857,6857_2020-05-20 10:00:00,6857_2020-05-21 18:00:00,,1
8909,6877,6877_2020-05-27 05:00:00,6877_2020-06-09 03:00:00,,1
8915,689,689_00000857-0016-8680-5982-F8F00528AF8F,689_00000867-0016-8931-7431-F8F00528AF8F,,1
8947,6953,6953_00000811-0016-6710-8996-F8F005C20E92,6953_00000963-0016-8948-3085-F8F005C20E92,,1
8953,6970,6970_00000592-0016-2019-2265-F8F005C1CBE0,6970_00000792-0016-4517-2173-F8F005C1CBE0,,1
8955,6973,6973_00000343-0016-0499-0325-F8F005C1CC5B,6973_00000351-0016-0680-5276-F8F005C1CC5B,,1
8957,6979,6979_00000454-0016-0582-4673-F8F005C1F58B,6979_00000847-0016-5683-7127-F8F005C1F58B,,1
8964,699,699_00001275-0016-1454-7841-F8F00528B29B,699_00002013-0016-6477-8717-F8F00528B29B,,1
8969,6995,6995_2020-06-03 03:00:00,6995_2020-06-10 08:00:00,,1
8972,6999,6999_00000234-0016-0619-8270-F8F005C20866,6999_00000264-0016-1543-8736-F8F005C20866,,1
8987,702,702_00000381-0016-1178-4371-F8F00528AAB1,702_00000384-0016-1216-2406-F8F00528AAB1,,1
8993,7030,7030_2020-05-22 19:00:00,7030_00001192-0016-4072-0244-F8F005C1F669,,1
8997,7037,7037_2020-05-25 17:00:00,7037_2020-06-16 03:00:00,,1
8999,7040,7040_2020-05-10 04:00:00,7040_00002189-0016-8948-0778-F8F005C21372,,1
9000,7041,7041_2020-05-23 16:00:00,7041_00002097-0016-6105-8826-F8F005C1FD80,,1
9001,7042,7042_00000991-0016-6373-8312-F8F005C1CA90,7042_00001395-0016-8931-2500-F8F005C1CA90,,1
9011,7062,7062_00001675-0016-8378-0094-F8F005C20CF4,7062_00001729-0016-8862-0600-F8F005C20CF4,,1
9018,7080,7080_2020-05-12 04:00:00,7080_2020-05-28 04:00:00,,1
9027,7094,7094_00000909-0016-1946-3818-F8F005C1A564,7094_00002033-0016-8932-8490-F8F005C1A564,,1
9029,7099,7099_00001467-0016-7721-9730-F8F005C1D44A,7099_00001588-0016-8810-2862-F8F005C1D44A,,1
9033,7108,7108_2020-06-05 07:00:00,7108_00000008-0016-0499-9447-F8F005C1F9C3,,1
9035,7113,7113_00000168-0016-0519-4627-F8F005C209CA,7113_00000575-0016-8771-8492-F8F005C209CA,,1
9045,7128,7128_00000646-0016-0403-6808-F8F005C20EDD,7128_00000690-0016-0594-4226-F8F005C20EDD,,1
9048,7137,7137_00000384-0016-6237-7249-F8F005C213F4,7137_00000553-0016-8922-4799-F8F005C213F4,,1
9051,7142,7142_2020-05-10 21:00:00,7142_00000139-0016-1036-7902-F8F005C1FF64,,1
9070,7176,7176_00001015-0016-2983-0948-F8F005C1FFA2,7176_00001429-0016-5514-8152-F8F005C1FFA2,,1
9082,7196,7196_2020-05-26 20:00:00,7196_2020-05-28 07:00:00,,1
9089,7211,7211_2020-06-03 17:00:00,7211_2020-06-08 18:00:00,,1
9103,7246,7246_00000534-0016-2222-4115-F8F005C1F945,7246_00000255-0016-8940-2461-F8F005C2122A,,1
9104,7248,7248_00000256-0016-0782-4104-F8F005C2142C,7248_00000287-0016-1390-9874-F8F005C2142C,,1
9105,725,725_2020-05-13 20:00:00,725_2020-06-15 21:00:00,,1
9113,7267,7267_2020-05-26 06:00:00,7267_2020-05-29 04:00:00,,1
9118,7274,7274_00001513-0016-4456-1059-F8F00529AA33,7274_00002486-0016-8919-5189-F8F00529AA33,,1
9119,7275,7275_2020-06-10 13:00:00,7275_2020-06-15 07:00:00,,1
9153,7346,7346_2020-05-09 21:00:00,7346_2020-05-15 05:00:00,,1
9159,7361,7361_00001767-0016-5432-5675-F8F005C20ACD,7361_00001945-0016-6373-4065-F8F005C20ACD,,1
9164,7370,7370_00000872-0016-1256-0515-F8F005C20E65,7370_00001859-0016-5493-3281-F8F005C20E65,,1
9174,7389,7389_00000319-0016-1074-6835-F8F005C1F5E7,7389_00000349-0016-1411-7068-F8F005C1F5E7,,1
9178,7396,7396_2020-05-21 19:00:00,7396_2020-06-13 21:00:00,,1
9190,7415,7415_00001675-0016-4965-2944-F8F005C1F5C4,7415_00002478-0016-8962-8343-F8F005C1F5C4,,1
9194,7427,7427_2020-05-15 05:00:00,7427_2020-05-28 05:00:00,,1
9205,7449,7449_2020-06-02 04:00:00,7449_2020-06-16 04:00:00,,1
9208,7453,7453_00000748-0016-7994-5652-F8F005C1B76B,7453_00000773-0016-8778-0977-F8F005C1B76B,,1
9213,7461,7461_00000505-0016-1151-6039-F8F005C1B44C,7461_00000924-0016-6271-4939-F8F005C1B44C,,1
9214,7463,7463_00000799-0016-5907-4925-F8F005C1CAC4,7463_00000928-0016-8949-4192-F8F005C1CAC4,,1
9238,751,751_2020-05-28 20:00:00,751_2020-06-11 08:00:00,,1
9242,7514,7514_00001300-0016-5298-7007-F8F005C1B802,7514_00001846-0016-8930-7695-F8F005C1B802,,1
9243,7515,7515_00001719-0016-8732-4734-F8F005C1F681,7515_00001744-0016-8949-1997-F8F005C1F681,,1
9251,7539,7539_00000852-0016-3427-2697-F8F005C1B7B5,7539_00001285-0016-8950-5625-F8F005C1B7B5,,1
9252,7541,7541_2020-05-27 21:00:00,7541_00000143-0016-2016-3328-F8F005C20FD9,,1
9253,7545,7545_2020-05-20 13:00:00,7545_2020-06-13 08:00:00,,1
9255,7552,7552_2020-05-28 05:00:00,7552_00000562-0016-0861-4442-F8F005C1CC9C,,1
9257,7557,7557_2020-06-09 08:00:00,7557_00000282-0016-0716-3893-F8F005C1CAF4,,1
9267,7579,7579_2020-05-16 09:00:00,7579_2020-06-13 18:00:00,,1
9269,7582,7582_00000976-0016-5731-4712-F8F005C21411,7582_00001156-0016-8922-6891-F8F005C21411,,1
9272,7585,7585_00001222-0016-3285-5506-F8F005C20BDB,7585_00002377-0016-8879-6645-F8F005C20BDB,,1
9276,7591,7591_2020-06-12 07:00:00,7591_00000446-0016-0690-4797-F8F005C20997,,1
9278,7593,7593_00000922-0016-3782-1460-F8F005C1B46E,7593_00001023-0016-4697-6221-F8F005C1B46E,,1
9282,7599,7599_2020-06-01 20:00:00,7599_2020-06-08 20:00:00,,1
9287,7609,7609_2020-05-19 20:00:00,7609_2020-06-16 09:00:00,,1
9291,7614,7614_2020-06-03 21:00:00,7614_00002124-0016-8953-9734-F8F005C1F4AE,,1
9293,7618,7618_2020-06-17 01:00:00,7618_00000173-0016-0619-7765-F8F005C1B6FD,,1
9297,7630,7630_2020-05-21 19:00:00,7630_00000409-0016-0689-0450-F8F005C20C06,,1
9307,7658,7658_00001497-0016-5472-0767-F8F005C1B91C,7658_00001662-0016-6486-3618-F8F005C1B91C,,1
9316,7680,7680_2020-05-11 09:00:00,7680_2020-05-29 06:00:00,,1
9324,7695,7695_00000675-0016-0915-7230-F8F005C1FF9D,7695_00001769-0016-8622-1555-F8F005C1FF9D,,1
9325,7696,7696_00000410-0016-0374-2394-F8F005C1FDD1,7696_00000495-0016-4923-8461-F8F005C1FDD1,,1
9332,7711,7711_00000802-0016-1535-6592-F8F005C20FBC,7711_00001805-0016-7600-6656-F8F005C20FBC,,1
9333,7712,7712_2020-06-06 09:00:00,7712_2020-06-12 09:00:00,,1
9334,7716,7716_00000914-0016-6175-5253-F8F005C20EDA,7716_00001129-0016-8751-2130-F8F005C20EDA,,1
9339,7725,7725_00000312-0016-4814-3512-F8F005C20C4F,7725_00001096-0016-8369-4381-F8F005C20C4F,,1
9341,7727,7727_00000186-0016-0394-9297-F8F005C212FF,7727_00000206-0016-0688-6758-F8F005C212FF,,1
9346,7745,7745_00002288-0016-8386-6072-F8F005C1F6B6,7745_00002403-0016-8957-2898-F8F005C1F6B6,,1
9363,7784,7784_00000468-0016-8193-2914-F8F005C1F86D,7784_00000539-0016-8922-2887-F8F005C1F86D,,1
9365,7788,7788_00000278-0016-1220-9365-F8F005C1B880,7788_00000304-0016-2240-2112-F8F005C1B880,,1
9369,7795,7795_2020-06-13 10:00:00,7795_00000399-0016-5272-8085-F8F005C1CBE2,,1
9379,7812,7812_00000651-0016-0411-0208-F8F005C1FF7D,7812_00000712-0016-0669-1556-F8F005C1FF7D,,1
9380,7813,7813_00000357-0016-0383-4631-F8F005C20B49,7813_00000395-0016-0843-0164-F8F005C20B49,,1
9381,7814,7814_2020-06-14 20:00:00,7814_00000475-0016-4184-9907-F8F005C2103D,,1
9384,7826,7826_2020-05-07 19:00:00,7826_2020-06-16 05:00:00,,1
9386,7836,7836_00000774-0016-1004-8783-F8F005C1B5A5,7836_00002286-0016-8952-9349-F8F005C1B5A5,,1
9391,7847,7847_2020-05-25 20:00:00,7847_2020-06-04 09:00:00,,1
9402,7869,7869_00001256-0016-3159-3869-F8F005C1FA33,7869_00000447-0016-8956-9771-F8F005C202F0,,1
9403,7870,7870_2020-05-27 10:00:00,7870_00002034-0016-7602-0207-F8F005C1B854,,1
9405,7877,7877_00000793-0016-3113-4047-F8F005C1FD7E,7877_00001440-0016-8936-7154-F8F005C1FD7E,,1
9409,7888,7888_2020-05-22 19:00:00,7888_2020-06-16 05:00:00,,1
9413,7896,7896_00000145-0016-7346-7239-F8F005C2125F,7896_00000452-0016-8779-7206-F8F005C2125F,,1
9422,7909,7909_2020-06-06 06:00:00,7909_00000838-0016-8820-5758-F8F005C1FC43,,1
9423,791,791_00002214-0016-6768-4678-F8F00528BD7B,791_00001651-0016-8663-7341-F8F005C20CA8,,1
9426,7918,7918_2020-05-20 21:00:00,7918_2020-06-02 19:00:00,,1
9427,7920,7920_00000854-0016-2256-1534-F8F005C1B6A3,7920_00001306-0016-4554-4987-F8F005C1B6A3,,1
9428,7921,7921_00000855-0016-1823-4155-F8F005C1CCD5,7921_00001211-0016-4522-0450-F8F005C1CCD5,,1
9431,7926,7926_00000420-0016-0850-4334-F8F005C1F9D1,7926_00002010-0016-8899-8591-F8F005C1F9D1,,1
9439,7948,7948_00000978-0016-8599-5130-F8F005C1CCB2,7948_00000997-0016-8784-1226-F8F005C1CCB2,,1
9447,7969,7969_2020-05-16 21:00:00,7969_00000591-0016-0869-4815-F8F005C1FF36,,1
9449,7972,7972_00000744-0016-1031-0787-F8F005C1F712,7972_00000761-0016-1103-3630-F8F005C1F712,,1
9450,7975,7975_2020-06-05 17:00:00,7975_2020-06-06 07:00:00,,1
9454,7982,7982_2020-05-28 22:00:00,7982_2020-06-16 05:00:00,,1
9457,7989,7989_00000591-0016-2079-0328-F8F005C1C3FD,7989_00001720-0016-8783-8635-F8F005C1C3FD,,1
9460,7999,7999_2020-06-04 09:00:00,7999_2020-06-07 10:00:00,,1
9464,8010,8010_2020-05-30 09:00:00,8010_2020-06-11 05:00:00,,1
9467,8016,8016_2020-06-01 19:00:00,8016_2020-06-16 03:00:00,,1
9472,8025,8025_2020-05-27 05:00:00,8025_2020-05-28 04:00:00,,1
9486,8055,8055_2020-05-10 20:00:00,8055_00000219-0016-0669-0358-F8F005C1CADE,,1
9487,8057,8057_00000411-0016-0910-8988-F8F005C20ED4,8057_00000666-0016-3640-7295-F8F005C20ED4,,1
9489,8060,8060_2020-05-15 07:00:00,8060_2020-06-16 03:00:00,,1
9497,8078,8078_00000754-0016-1316-8895-F8F005C20618,8078_00001332-0016-6071-3370-F8F005C20618,,1
9500,8087,8087_2020-05-12 00:00:00,8087_00001598-0016-8931-1679-F8F005C1F65E,,1
9507,8104,8104_2020-06-06 18:00:00,8104_00000174-0016-2180-4005-F8F005C20DE2,,1
9509,8106,8106_00000851-0016-3700-1652-F8F005C20F19,8106_00001100-0016-8897-2088-F8F005C20F19,,1
9516,8113,8113_00000965-0016-6765-6545-F8F005C214A8,8113_00001183-0016-8936-6901-F8F005C214A8,,1
9524,8124,8124_00000840-0016-1450-5655-F8F005C1B69D,8124_00002234-0016-8923-1402-F8F005C1B69D,,1
9526,8129,8129_00000381-0016-0689-9458-F8F005C1FD82,8129_00000388-0016-0758-9568-F8F005C1FD82,,1
9530,814,814_2020-05-24 07:00:00,814_2020-06-15 20:00:00,,1
9533,8146,8146_00000145-0016-0628-4815-F8F005C211B1,8146_00000146-0016-0634-4922-F8F005C211B1,,1
9540,8157,8157_2020-05-30 06:00:00,8157_00000765-0016-0914-1011-F8F005C21213,,1
9544,8168,8168_00002066-0016-8264-9505-F8F005C1FF1A,8168_00002179-0016-8859-2686-F8F005C1FF1A,,1
9545,8170,8170_00001176-0016-2935-9592-F8F005C21108,8170_00002509-0016-8874-8293-F8F005C21108,,1
9546,8171,8171_00000181-0016-1296-2121-F8F005C214E2,8171_00000185-0016-1473-2816-F8F005C214E2,,1
9548,8173,8173_2020-05-11 08:00:00,8173_00000286-0016-0612-4549-F8F005C2126B,,1
9549,8176,8176_2020-05-21 12:00:00,8176_00000085-0016-0537-4407-F8F005C1FE59,,1
9557,8186,8186_2020-05-19 22:00:00,8186_2020-06-16 04:00:00,,1
9558,8188,8188_2020-05-23 06:00:00,8188_2020-06-16 20:00:00,,1
9561,8193,8193_00000670-0016-0607-9730-F8F005C20BA2,8193_00001149-0016-3182-2633-F8F005C20BA2,,1
9594,8276,8276_00000672-0016-2897-8593-F8F005C1F64C,8276_00000709-0016-3847-8362-F8F005C1F64C,,1
9595,8277,8277_00000523-0016-1382-1076-F8F005C2139B,8277_00001060-0016-8948-8312-F8F005C2139B,,1
9599,8293,8293_00000499-0016-2953-1892-F8F005C1F4F2,8293_00001000-0016-8940-9499-F8F005C1F4F2,,1
9612,8329,8329_00001882-0016-5788-9613-F8F005C1B54F,8329_00002582-0016-8946-6323-F8F005C1B54F,,1
9626,8355,8355_2020-06-07 10:00:00,8355_00000393-0016-0650-0042-F8F005C1F7E8,,1
9628,8358,8358_00002097-0016-6969-7443-F8F005C20C38,8358_00000222-0016-8252-8442-F8F005C209F4,,1
9631,8364,8364_00000431-0016-2122-4372-F8F005C1FD23,8364_00000832-0016-8914-3548-F8F005C1FD23,,1
9635,8383,8383_2020-06-08 03:00:00,8383_2020-06-16 19:00:00,,1
9636,8386,8386_2020-06-06 06:00:00,8386_2020-06-12 22:00:00,,1
9643,8407,8407_00000192-0016-1112-8750-F8F005C1CC41,8407_00000285-0016-8582-3597-F8F005C1CC41,,1
9669,8465,8465_00000763-0016-1488-6067-F8F005C20DED,8465_00001954-0016-7309-7980-F8F005C20DED,,1
9672,8474,8474_2020-05-22 09:00:00,8474_2020-06-10 13:00:00,,1
9682,8504,8504_00000170-0016-0725-5235-F8F005C1F91C,8504_00000199-0016-1060-9893-F8F005C1F91C,,1
9690,8518,8518_2020-05-16 21:00:00,8518_00002027-0016-8950-2247-F8F00529AA97,,1
9697,8536,8536_00000578-0016-0464-1949-F8F005C1FE35,8536_00000733-0016-1376-8571-F8F005C1FE35,,1
9703,8562,8562_2020-06-01 20:00:00,8562_00000625-0016-1822-7044-F8F005C21017,,1
9706,8567,8567_00001676-0016-7532-0993-F8F005C1CC1F,8567_00001719-0016-7776-8525-F8F005C1CC1F,,1
9708,8569,8569_00000657-0016-0985-6866-F8F005C1B814,8569_00000664-0016-1026-4922-F8F005C1B814,,1
9723,8606,8606_2020-05-20 04:00:00,8606_00000692-0016-4104-4940-F8F005C20C9D,,1
9725,8616,8616_2020-06-05 05:00:00,8616_2020-06-10 07:00:00,,1
9729,8620,8620_2020-05-12 20:00:00,8620_2020-05-29 00:00:00,,1
9731,8624,8624_00000778-0016-1094-9608-F8F005C20BF8,8624_00002189-0016-8033-4329-F8F005C20BF8,,1
9736,8644,8644_2020-06-04 21:00:00,8644_00000341-0016-0405-2254-F8F005C1FC7E,,1
9741,8651,8651_00002158-0016-7635-5294-F8F005C1F764,8651_00002430-0016-8939-8916-F8F005C1F764,,1
9746,8659,8659_00000743-0016-6071-3435-F8F005C2125E,8659_00000694-0016-8870-7714-F8F005C21485,,1
9747,8660,8660_00000249-0016-2211-3012-F8F005C1F5D7,8660_00000276-0016-3334-6403-F8F005C1F5D7,,1
9757,8695,8695_00001837-0016-6239-8735-F8F005C212A2,8695_00002454-0016-8956-8337-F8F005C212A2,,1
9758,8696,8696_2020-05-08 21:00:00,8696_2020-05-15 21:00:00,,1
9759,8697,8697_00000618-0016-0354-0509-F8F005C1B6F5,8697_00002036-0016-8940-3612-F8F005C1B6F5,,1
9773,8727,8727_00000092-0016-1390-1666-F8F00529A9F6,8727_00000095-0016-1428-1895-F8F00529A9F6,,1
9775,8732,8732_2020-06-16 04:00:00,8732_00000494-0016-0805-9135-F8F005C1CB37,,1
9777,8743,8743_2020-05-31 07:00:00,8743_2020-06-08 20:00:00,,1
9779,8746,8746_00000514-0016-0452-6305-F8F005C20808,8746_00000688-0016-1622-2619-F8F005C20808,,1
9781,8751,8751_2020-05-08 21:00:00,8751_2020-05-14 21:00:00,,1
9789,8769,8769_00001035-0016-4314-4919-F8F005C21397,8769_00001911-0016-8481-4991-F8F005C21397,,1
9794,8776,8776_2020-05-16 21:00:00,8776_2020-05-28 18:00:00,,1
9796,8780,8780_00000828-0016-7592-6239-F8F005C21048,8780_00000928-0016-8949-0907-F8F005C21048,,1
9799,8788,8788_2020-06-15 08:00:00,8788_2020-06-16 07:00:00,,1
9806,8802,8802_00001509-0016-6228-0052-F8F005C1C546,8802_00001841-0016-8931-4827-F8F005C1C546,,1
9810,8813,8813_2020-05-24 09:00:00,8813_2020-06-11 05:00:00,,1
9811,8816,8816_2020-05-09 06:00:00,8816_00000726-0016-0758-8249-F8F005C21228,,1
9812,8819,8819_2020-05-10 05:00:00,8819_2020-05-27 07:00:00,,1
9813,8820,8820_00000319-0016-4736-4766-F8F005C206FE,8820_00000436-0016-8805-8398-F8F005C206FE,,1
9820,8829,8829_00000881-0016-3729-8707-F8F005C1FC9C,8829_00001403-0016-8930-6280-F8F005C1FC9C,,1
9821,883,883_2020-05-16 10:00:00,883_00001600-0016-7257-5575-F8F00528AB54,,1
9854,8905,8905_2020-05-11 04:00:00,8905_2020-06-13 07:00:00,,1
9876,8959,8959_00001210-0016-3312-3624-F8F005C1FCF7,8959_00000443-0016-6560-8999-F8F005C1C58A,,1
9878,8960,8960_2020-06-01 08:00:00,8960_00000259-0016-0633-7589-F8F005C20E1B,,1
9896,8999,8999_00000716-0016-0695-3742-F8F005C1F6E9,8999_00002619-0016-8957-7108-F8F005C1F6E9,,1
9909,9038,9038_2020-05-31 21:00:00,9038_00000181-0016-0348-5186-F8F005C1B88E,,1
9910,9050,9050_00000608-0016-2854-8599-F8F005C20BEF,9050_00000750-0016-3968-4394-F8F005C20BEF,,1
9912,9057,9057_2020-05-29 06:00:00,9057_2020-06-10 07:00:00,,1
9917,9076,9076_2020-06-16 20:00:00,9076_2020-06-17 06:00:00,,1
10034,9428,9428_00000871-0016-1462-3403-F8F005C1B824,9428_00001232-0016-3121-0834-F8F005C1B824,,1
10124,9723,9723_00001705-0016-7256-4205-F8F005C1A3FA,9723_00001959-0016-8897-4521-F8F005C1A3FA,,1
10148,9783,9783_2020-05-28 21:00:00,9783_00000210-0016-1342-7409-F8F005C1CC68,,1
